0,video_id,predicted_tags
0,9007f33c8347924ffa12f922da2a179d,['Музыка и аудио: Спортивное радио']
1,9012707c45233bd601dead57bc9e2eca,['Музыка и аудио: Спортивное радио']
2,e01d6ebabbc27e323fa1b7c581e9b96a,['Музыка и аудио: Спортивное радио']
3,a00b145242be3ebc3b311455e94917af,['Музыка и аудио: Спортивное радио']
4,b01a682bf4dfcc09f1e8fac5bc18785a,['Музыка и аудио: Спортивное радио']
5,f02709d3f6b2fbd265863ef538b13c0a,['Музыка и аудио: Спортивное радио']
6,f02fceb454008fe7907b47324569b845,['Музыка и аудио: Спортивное радио']
7,c02e68f64c25f55afb78ba5f7c8b66bc,['Музыка и аудио: Спортивное радио']
8,8023d3d7dced55a0bcd6356c5715a6f9,['Музыка и аудио: Спортивное радио']
9,90203d59857ed1fbb1c3142aa1fe7714,['Музыка и аудио: Спортивное радио']
10,a019c03cdf1a178ce95f49bb737d0bf8,['Музыка и аудио: Спортивное радио']
11,f03fcac78a2a91e2dab71e8f2ead04bc,['Музыка и аудио: Спортивное радио']
12,f0405a36429b3211cb199ae7bfc8fc3e,['Музыка и аудио: Спортивное радио']
13,c037b00580b5fcd9b8b85f3c83b01591,['Музыка и аудио: Спортивное радио']
14,102bb472ee65363449aa48b60a4febdf,['Музыка и аудио: Спортивное радио']
15,10301c4103e9ec96d020d11ff0b04f67,['Музыка и аудио: Спортивное радио']
16,20393a2f7223092a39a49c9329b1b783,['Музыка и аудио: Спортивное радио']
17,80586f50ab71963113896b9b6d01a5dc,['Музыка и аудио: Спортивное радио']
18,00475f4f136b32da5d7fc9cd41d24664,['Музыка и аудио: Спортивное радио']
19,204218ca962308bfb754858b04cb0b22,['Музыка и аудио: Спортивное радио']
20,104cacd2d839a87364fdcdf1b736ed65,['Музыка и аудио: Спортивное радио']
21,b062dfff603f5b5764561fe78c1fb19a,['Музыка и аудио: Спортивное радио']
22,205a62c1c81b8503d8335c9777203361,['Музыка и аудио: Спортивное радио']
23,806e572c94adf5e4deb8041d8f094d91,['Музыка и аудио: Спортивное радио']
24,305a910846f9d43507d2a2147510d4d7,['Музыка и аудио: Спортивное радио']
25,3066134b942a01ec8c5c86b4848c884c,['Музыка и аудио: Спортивное радио']
26,f07a620713384d5cee4164613ec19a94,['Музыка и аудио: Спортивное радио']
27,f07d0cf4651f31719341d33aeffa7f0e,['Музыка и аудио: Спортивное радио']
28,f07efcd6306551a163b9310035527ab4,['Музыка и аудио: Спортивное радио']
29,106bd13b84f390cce9d369571604ab75,['Музыка и аудио: Спортивное радио']
30,e082d4ce348a0b2b18804eabdc5c2a33,['Музыка и аудио: Спортивное радио']
31,c093daa4f0e96d8f2e4736c9240898f3,['Музыка и аудио: Спортивное радио']
32,f08a8b29d9aded344f72b09ea85bbb13,['Музыка и аудио: Спортивное радио']
33,3074a6f05a1b34778e063cf8300de98b,['Музыка и аудио: Спортивное радио']
34,908fdc7c1846b14320528fa5f7504298,['Музыка и аудио: Спортивное радио']
35,706e757f5257e49bc6f8bf74e50ae955,['Музыка и аудио: Спортивное радио']
36,d08e259307080f66b9ae4e7137f2c24b,['Музыка и аудио: Спортивное радио']
37,d08fdea8b4a2cf65170edce7844b37e5,['Музыка и аудио: Спортивное радио']
38,609ea8d5016f0fccf5a8fa6887911349,['Музыка и аудио: Спортивное радио']
39,8093b5a62645bb2db9476a4b2e6f1c9d,['Музыка и аудио: Спортивное радио']
40,809cf37aa35541e9c82d710ae3881b4d,['Музыка и аудио: Спортивное радио']
41,4092b7a52d60cb0f1520217bb832a1e9,['Музыка и аудио: Спортивное радио']
42,d0a5978d7f1eea70b455da520f290413,['Музыка и аудио: Спортивное радио']
43,30960460cdfb61a9a3d6af807c2a012a,['Музыка и аудио: Спортивное радио']
44,709b7ef8c3ff32c399401b3e3c496e35,['Музыка и аудио: Спортивное радио']
45,10ad72201a4eb85e058abde339189eb1,['Музыка и аудио: Спортивное радио']
46,90b401750298cb302d1e273588bc945d,['Музыка и аудио: Спортивное радио']
47,90bd4eba02436cf54969cd7224d5028d,['Музыка и аудио: Спортивное радио']
48,309b0b6dd7d0a2aff2dafe2b394c0da8,['Музыка и аудио: Спортивное радио']
49,b0b99ad0846e995280c7622350944d11,['Музыка и аудио: Спортивное радио']
50,709ef154f73d635a13f816be1f6c7540,['Музыка и аудио: Спортивное радио']
51,d0cb9d11232e5547839b94c073feb9fc,['Музыка и аудио: Спортивное радио']
52,80c66d0a5100649a52099f18d204a402,['Музыка и аудио: Спортивное радио']
53,a0c9cc64088f25405de0588ec7a4caba,['Музыка и аудио: Спортивное радио']
54,10cc50e22909435efe61e7bcb3869aa7,['Музыка и аудио: Спортивное радио']
55,40c3ca718bda344a08dd059060eb3aee,['Музыка и аудио: Спортивное радио']
56,d0ed54ee8ebd57841254e87d26f840ac,['Музыка и аудио: Спортивное радио']
57,e0e1f01b42e805f043efb437109bc637,['Музыка и аудио: Спортивное радио']
58,50c21056c86938b2db72b2390a8657a1,['Музыка и аудио: Спортивное радио']
59,50c6ac5b1962519d47dff843ac80023c,['Музыка и аудио: Спортивное радио']
60,50d0397e90ccf8b75d359e6a9630b163,['Музыка и аудио: Спортивное радио']
61,80dec76cac626ae328461eb913ac5139,['Музыка и аудио: Спортивное радио']
62,a0db44ff60f5f356942a41ccaa69a5df,['Музыка и аудио: Спортивное радио']
63,20bb74ac4ec09d9ade144c2dc051b17e,['Музыка и аудио: Спортивное радио']
64,c10ad8d1aadb2f5a8ae48b80a91e4d2d,['Музыка и аудио: Спортивное радио']
65,00efa58930724f2ae6f9916f53cda3b3,['Музыка и аудио: Спортивное радио']
66,40ea820dd22e157308d92dfffa7fb7d6,['Музыка и аудио: Спортивное радио']
67,f108e7d45c3cb463d0d5b6f897022821,['Музыка и аудио: Спортивное радио']
68,c11e29c0a53677dac8efbf7b38d80d69,['Музыка и аудио: Спортивное радио']
69,50f947a71f1a3ea225a3af7b2ff45f86,['Музыка и аудио: Спортивное радио']
70,41023c4b1b127ee26f13d9754a311e92,['Музыка и аудио: Спортивное радио']
71,f1167000161da720184e56d08935943f,['Музыка и аудио: Спортивное радио']
72,a0fc183f8d20199569310a7b1e34208e,['Музыка и аудио: Спортивное радио']
73,810b7cd2f524189f05ed4d9fc28c2ede,['Музыка и аудио: Спортивное радио']
74,e118ee12697b72ec7e06f648804f624f,['Музыка и аудио: Спортивное радио']
75,b1040c36919320a09bd785c7f10e0094,['Музыка и аудио: Спортивное радио']
76,b106a0ef622941e111bd6321bfea4186,['Музыка и аудио: Спортивное радио']
77,b10c63b93f57495e5e7dfb80c5b75fb1,['Музыка и аудио: Спортивное радио']
78,010b862ffcb7867b1680cb42dc61308d,['Музыка и аудио: Спортивное радио']
79,010c20565c7348d941bd6aff078cb05e,['Музыка и аудио: Спортивное радио']
80,f124e34dc9d8e3b6decc68b78461d813,['Музыка и аудио: Спортивное радио']
81,310621b7d584316a13f148922d50c161,['Музыка и аудио: Спортивное радио']
82,c140fc83c86ff4c5632287a0e51e4d14,['Музыка и аудио: Спортивное радио']
83,81398158d594839468bc1f5fe29ed978,['Музыка и аудио: Спортивное радио']
84,511ee49b8e0986ca96453031fb617ef4,['Музыка и аудио: Спортивное радио']
85,f13738d2d0cf6cfd573fcf07ee8a1e54,['Музыка и аудио: Спортивное радио']
86,c1521baa75287b6432927ad86d2ec865,['Музыка и аудио: Спортивное радио']
87,b123152950a449900a92d3b5c01cb18c,['Музыка и аудио: Спортивное радио']
88,1139cb90feffbb3b435cb720f8e7c426,['Музыка и аудио: Спортивное радио']
89,211ab5a9e9c2a5eb0cd6b839e7a58abd,['Музыка и аудио: Спортивное радио']
90,01297658a3104ac363f89bf0a569237b,['Музыка и аудио: Спортивное радио']
91,51304cc9ff8e942ce481282b6952dd86,['Музыка и аудио: Спортивное радио']
92,a12eeb1aaff250bb4e7755042726477c,['Музыка и аудио: Спортивное радио']
93,a13338b2adcbe3dbb441c5f6e0e3d7da,['Музыка и аудио: Спортивное радио']
94,f147d416e46c1ed3b19e34c9f355a378,['Музыка и аудио: Спортивное радио']
95,9143ffe5052ed8b7a482ce347cc69397,['Музыка и аудио: Спортивное радио']
96,61575021ed9ef2f2804c65666c16d1e9,['Музыка и аудио: Спортивное радио']
97,6159b963730426f3d3e8ef52a2ee206d,['Музыка и аудио: Спортивное радио']
98,0147494427fd7c8ca54c01648485693a,['Музыка и аудио: Спортивное радио']
99,c171f18053b576bf9b6965be3d2cc015,['Музыка и аудио: Спортивное радио']
100,f163b76c109deabb92ce6fd1c5fd9cff,['Музыка и аудио: Спортивное радио']
101,3152309035b37ede20f67dc43b2897e6,['Музыка и аудио: Спортивное радио']
102,d1739b7f468df06950481fdf6641e45c,['Музыка и аудио: Спортивное радио']
103,e17b2853fb5f54b05ae0d59e816f170d,['Музыка и аудио: Спортивное радио']
104,016be89520c118d8c2cea498b6073842,['Музыка и аудио: Спортивное радио']
105,c1a703c9c7304be8e217e18ab2b5cd8b,['Музыка и аудио: Спортивное радио']
106,6197892a66f7c10c3f0ca14a95d61bc8,['Музыка и аудио: Спортивное радио']
107,a189a686c63b0fbcbc9d07467e88be99,['Музыка и аудио: Спортивное радио']
108,e196f6aadf36985398fc6b43d0036a89,['Музыка и аудио: Спортивное радио']
109,4184762cc32e1a4a3da074bacfd775c8,['Музыка и аудио: Спортивное радио']
110,216c70b083cdd8deb59f5866d59b60dc,['Музыка и аудио: Спортивное радио']
111,2170fb9a68932b49384c6bb9f52862c6,['Музыка и аудио: Спортивное радио']
112,a1a4c975ddc44ffa099f29904f2aee8c,['Музыка и аудио: Спортивное радио']
113,71811e8defec7d48a91a83e934f86d00,['Музыка и аудио: Спортивное радио']
114,91a7789247a66c4316ad08721bdeb95d,['Музыка и аудио: Спортивное радио']
115,91abdb8057dbe7cd02a524cba60e5a6f,['Музыка и аудио: Спортивное радио']
116,91b37ef929850ed0fe0b862cb2b6d82b,['Музыка и аудио: Спортивное радио']
117,e1b476bbbbd81d03bbbce7466a961c6f,['Музыка и аудио: Спортивное радио']
118,719cd00cd1950e6c12baa6d20dce447c,['Музыка и аудио: Спортивное радио']
119,91c595da4cc046e1113859e840958efb,['Музыка и аудио: Спортивное радио']
120,f1ca5b6d7f51f6761160560f1abf9f24,['Музыка и аудио: Спортивное радио']
121,01bd6b00e670655ca7ff484ff55d8ad9,['Музыка и аудио: Спортивное радио']
122,11d53b5fa5ac7709919ffcfd01150a3a,['Музыка и аудио: Спортивное радио']
123,71b4f52775492b2d98b96842b5bf958b,['Музыка и аудио: Спортивное радио']
124,71bc851a38e363130743447d921f9dca,['Музыка и аудио: Спортивное радио']
125,51d1cf74bc5e84c7685a5f3afa203e73,['Музыка и аудио: Спортивное радио']
126,61f4f59c097f6ddce213833f5e1bc52c,['Музыка и аудио: Спортивное радио']
127,31f032a104b535631926223400c2c7d9,['Музыка и аудио: Спортивное радио']
128,b1d77da00cd4df1b1274ce63092c854a,['Музыка и аудио: Спортивное радио']
129,c20816574d18f251cc0cb896aed1b58b,['Музыка и аудио: Спортивное радио']
130,f1e6e04929cbee1809d89d6fb4a70f1d,['Музыка и аудио: Спортивное радио']
131,41cf36061f6b88cb700d0e6f9c7cf6c6,['Музыка и аудио: Спортивное радио']
132,21bce37163a4a8c228b33f42510ebd76,['Музыка и аудио: Спортивное радио']
133,21c8bed61bc017e49828354f9e4b0fee,['Музыка и аудио: Спортивное радио']
134,01dcabe37935dbbffd389c22c327f361,['Музыка и аудио: Спортивное радио']
135,b1de3019dd275adf1f757eecd0609147,['Музыка и аудио: Спортивное радио']
136,b1ebd4186a8cfc77d135b8778c7f9420,['Музыка и аудио: Спортивное радио']
137,e1fd71fc161933ac2bb9ad430f316d4d,['Музыка и аудио: Спортивное радио']
138,51f1435413c4e6ef79f6346e6ddc6c51,['Музыка и аудио: Спортивное радио']
139,21cdb40aeec162817f0ae165ba07defc,['Музыка и аудио: Спортивное радио']
140,6214676f83a6217f2b7667119c5f1bc5,['Музыка и аудио: Спортивное радио']
141,b1ee6389d43e0a7705ddf03fa8b0afde,['Музыка и аудио: Спортивное радио']
142,c233ef836c848d7c864db41bb42cd8ef,['Музыка и аудио: Спортивное радио']
143,e20c2f022cd7721e8bda76fbca047604,['Музыка и аудио: Спортивное радио']
144,21df39a7060a016c034c555761714b62,['Музыка и аудио: Спортивное радио']
145,92196403ca5a37f3b2a268f11f74356a,['Музыка и аудио: Спортивное радио']
146,b201e890b2b56f1991bbd8aab71d8c4f,['Музыка и аудио: Спортивное радио']
147,b20d60ba24b45b52872e0191ca7da75f,['Музыка и аудио: Спортивное радио']
148,e21b714226f1a195ddda70fec1c62fab,['Музыка и аудио: Спортивное радио']
149,e2235520f7d27eb7019763491c1793cb,['Музыка и аудио: Спортивное радио']
150,22011b712f8623f67868a9217dacc374,['Музыка и аудио: Спортивное радио']
151,32281b1fb6e3ee2fe3b7a75dd723e8c7,['Музыка и аудио: Спортивное радио']
152,322de209c46e6498294ad8c33d37a5fa,['Музыка и аудио: Спортивное радио']
153,720aacc65466b1f87eaf294a6a50999b,['Музыка и аудио: Спортивное радио']
154,82466381c1f1cef3a542706654823be7,['Музыка и аудио: Спортивное радио']
155,b22a4cc53f1a2ceb3c6a627e62fb9fe6,['Музыка и аудио: Спортивное радио']
156,a2404a2daf5898d5a41c954531f3ff94,['Музыка и аудио: Спортивное радио']
157,0229d6d84fabedd40dcc4f892091d352,['Музыка и аудио: Спортивное радио']
158,924fcffdc984bbb3ffae5b14974b3c42,['Музыка и аудио: Спортивное радио']
159,c25b43466a566c4a9bfe2d142505371b,['Музыка и аудио: Спортивное радио']
160,6256e733456e7179c39372d0d7bf2ce4,['Музыка и аудио: Спортивное радио']
161,625a2b1360740a541cacf6328b9e903c,['Музыка и аудио: Спортивное радио']
162,826760161b28b0ca4e5c12267ec84a90,['Музыка и аудио: Спортивное радио']
163,4231958ed9fc366f35afb4babf70e2bf,['Музыка и аудио: Спортивное радио']
164,223beb3f642faf0ffd4c54c6cf099001,['Музыка и аудио: Спортивное радио']
165,723f00953a85be57c8f9f65c31ec0200,['Музыка и аудио: Спортивное радио']
166,828452daae0721b620553368b6b142c3,['Музыка и аудио: Спортивное радио']
167,2254a66f67d556ae910b7a0f41747821,['Музыка и аудио: Спортивное радио']
168,5260e66e33c0f1c659f70a14da320bf7,['Музыка и аудио: Спортивное радио']
169,f283aa882c8a9e35dda57008ba4698a9,['Музыка и аудио: Спортивное радио']
170,b26a6ca31a9a5675198128867d1458fc,['Музыка и аудио: Спортивное радио']
171,328cb5e097c3ae867e204620414efdc9,['Музыка и аудио: Спортивное радио']
172,628d4863d31c65a605519a24ec36c1fb,['Музыка и аудио: Спортивное радио']
173,725d94e564c54bbc2dae68fc8397be4c,['Музыка и аудио: Спортивное радио']
174,a29362959e89d984a8171fed6816d4db,['Музыка и аудио: Спортивное радио']
175,a2a5001fa42a4742eadaaf5f03a4dd7b,['Музыка и аудио: Спортивное радио']
176,12a03eff577b3b6bfa2ecc88e78ddfb1,['Музыка и аудио: Спортивное радио']
177,12b6da95c7de4d479c35e68fe5c35062,['Музыка и аудио: Спортивное радио']
178,d2af79d022ba7020ac9942581fc84792,['Музыка и аудио: Спортивное радио']
179,42841d5b9d56d59e8ee82cf8b102cc2c,['Музыка и аудио: Спортивное радио']
180,f2b2785c9a3fd3e112d6eeffbc2bfb13,['Музыка и аудио: Спортивное радио']
181,f2bf833bb7268418dc4744fe3a349e16,['Музыка и аудио: Спортивное радио']
182,32ce37e355e017bcf4104a727c3ac306,['Музыка и аудио: Спортивное радио']
183,f2ca53bf66c8e202d6093e4c360e3cfb,['Музыка и аудио: Спортивное радио']
184,729ff949852d3b205250ad82b44d8fc9,['Музыка и аудио: Спортивное радио']
185,92bb533b680ab9682b7d28a079163826,['Музыка и аудио: Спортивное радио']
186,92c603f6d4d3680426c801fd316c7278,['Музыка и аудио: Спортивное радио']
187,32dae6238a91ba1503aa6ab812f1a350,['Музыка и аудио: Спортивное радио']
188,d2e41f5c0463d06f0ca49efa70a79018,['Музыка и аудио: Спортивное радио']
189,d2ea551fe97bf92cf3ad3441e1884681,['Музыка и аудио: Спортивное радио']
190,b2d05de8f87fc9122073660181878805,['Музыка и аудио: Спортивное радио']
191,72ac02e9fa513e91af1c02dd2d79eb6a,['Музыка и аудио: Спортивное радио']
192,72ad592130deb113cae8478fe8b74e78,['Музыка и аудио: Спортивное радио']
193,32f464f33dcd8d9a23bb4d92f054afa8,['Музыка и аудио: Спортивное радио']
194,62f51ddce5a64b036da0433276c25cf0,['Музыка и аудио: Спортивное радио']
195,92da6d10f228ef3a4ab8e86386b778a0,['Музыка и аудио: Спортивное радио']
196,02b797508b9ffc941887703dfb17d365,['Музыка и аудио: Спортивное радио']
197,72c08ccd99940b632f436b14752f950a,['Музыка и аудио: Спортивное радио']
198,12ed5a6ab684e30de9f583c14effc2d9,['Музыка и аудио: Спортивное радио']
199,02d4cc029c5a7531f36992446a24478f,['Музыка и аудио: Спортивное радио']
200,42d03628d2f004d9aa8b7c3a8b57a60b,['Музыка и аудио: Спортивное радио']
201,c31fc23550b4dd83bdc50934aa5d10aa,['Музыка и аудио: Спортивное радио']
202,130c46b6ad419fc04c451e7fcbe2eabe,['Музыка и аудио: Спортивное радио']
203,92f09d5f55fc50dd70d741f8c1aec93c,['Музыка и аудио: Спортивное радио']
204,02ee1613c4b59ee0f885fda0186d2429,['Музыка и аудио: Спортивное радио']
205,132b427493688cb1ec1cdc7adfca61b5,['Музыка и аудио: Спортивное радио']
206,42f4541294075e463efcb1c28fa905a6,['Музыка и аудио: Спортивное радио']
207,5324ca4632b52d8543051fe0c1e1dde2,['Музыка и аудио: Спортивное радио']
208,b32ba3e5fc78f951e2d57e80de4b43e2,['Музыка и аудио: Спортивное радио']
209,f32aec89961652207aefe1f8675899bd,['Музыка и аудио: Спортивное радио']
210,f330ad80f3ac29a4cb47372f217bc6cd,['Музыка и аудио: Спортивное радио']
211,73184ff6e31a772337323752e24a1685,['Музыка и аудио: Спортивное радио']
212,4318c713d08a88bbe0175ca7a6ee2711,['Музыка и аудио: Спортивное радио']
213,031b726c4384eda873527481b36fb313,['Музыка и аудио: Спортивное радио']
214,5344722741638134ccf02c52e943c398,['Музыка и аудио: Спортивное радио']
215,a35aa2633c20bd9b2f0b82a13a33f5a8,['Музыка и аудио: Спортивное радио']
216,e358327363a5340215454275aba967a9,['Музыка и аудио: Спортивное радио']
217,c3818bbed747f1e42ca9c8d4d7ae1669,['Музыка и аудио: Спортивное радио']
218,53535357e7d720d1f2df91d8625edc98,['Музыка и аудио: Спортивное радио']
219,b361a11f01c1029604c7837bf793cdfd,['Музыка и аудио: Спортивное радио']
220,034753227cf7772245e3fa97c5274932,['Музыка и аудио: Спортивное радио']
221,a36fb634cc1167b0ee6737b84c1a296b,['Музыка и аудио: Спортивное радио']
222,9360b59b784b80ae6bdbf9d145d508fc,['Музыка и аудио: Спортивное радио']
223,136669ed3a76f12ee2dff41b17ddd954,['Музыка и аудио: Спортивное радио']
224,1371a8d3b78c2e724e4a10064e0c14b1,['Музыка и аудио: Спортивное радио']
225,53719d198623c18ed7b248b02b61258d,['Музыка и аудио: Спортивное радио']
226,734a4638f4e6fe6857b2a407f84d35e6,['Музыка и аудио: Спортивное радио']
227,6394a651a3ad162a6fefe0aa033699f6,['Музыка и аудио: Спортивное радио']
228,4354a1ad8bf75f42466420f4b52dcbcd,['Музыка и аудио: Спортивное радио']
229,a38f2b4049d4d39a8030b690e1238830,['Музыка и аудио: Спортивное радио']
230,5395805ebaa0b977c845b36618e9dc99,['Музыка и аудио: Спортивное радио']
231,c3d03e0e9d1ca8ed1044f4c4b68c6fd5,['Музыка и аудио: Спортивное радио']
232,a39fc9595b0a144d325fa58a5d317554,['Музыка и аудио: Спортивное радио']
233,a3a89d57af9604144585550b1d6e33b8,['Музыка и аудио: Спортивное радио']
234,13aba71d6501df8db686919affbc9b72,['Музыка и аудио: Спортивное радио']
235,83d3d6be6bc13a868b263a1e3fd88ce5,['Музыка и аудио: Спортивное радио']
236,63d9eab25494382081b6ad100efa7ad4,['Музыка и аудио: Спортивное радио']
237,83f8d04710973aef8162ef02323ef548,['Музыка и аудио: Спортивное радио']
238,43b1f915baa754a39948a063ebcaef4b,['Музыка и аудио: Спортивное радио']
239,43b3140af0958037bad0cf6fa676e18c,['Музыка и аудио: Спортивное радио']
240,f3cb7535636d4213e6221d14a70b5dee,['Музыка и аудио: Спортивное радио']
241,73bd9eabc4a463fbf48cfc61906bd295,['Музыка и аудио: Спортивное радио']
242,73be3353adeca6ca3f417a726a37e6af,['Музыка и аудио: Спортивное радио']
243,93cc77cb0f4e697e91cec455a0b1014b,['Музыка и аудио: Спортивное радио']
244,93ce08c63684257a8b78f64ea2a2c842,['Музыка и аудио: Спортивное радио']
245,53dac71a559f26fe3e0abc1cec839046,['Музыка и аудио: Спортивное радио']
246,e3d78212814a12d588211e0af0fc9568,['Музыка и аудио: Спортивное радио']
247,a3f612cb733c50201f1dc6c3987c6aff,['Музыка и аудио: Спортивное радио']
248,53f59058b8c9e06421558ca6f442f242,['Музыка и аудио: Спортивное радио']
249,d414c201601d3cbee977af07ff3fa0f4,['Музыка и аудио: Спортивное радио']
250,6403cbe7c493beb73c4e2df3cbb3f55f,['Музыка и аудио: Спортивное радио']
251,a40df9cd5c1517f478b458d74081ab12,['Музыка и аудио: Спортивное радио']
252,b40dd7a76e120286b1c1ce425fdb2734,['Музыка и аудио: Спортивное радио']
253,842dac7c562db91b0a9fd4b56e52bcc6,['Музыка и аудио: Спортивное радио']
254,54056fbd12590754a008667afc7751ec,['Музыка и аудио: Спортивное радио']
255,b41f69549931c2407eb5afabc17a0995,['Музыка и аудио: Спортивное радио']
256,04125b61225072d2406df79c37f939cd,['Музыка и аудио: Спортивное радио']
257,23ec0f53165a64f8d4b05561ad53dc5a,['Музыка и аудио: Спортивное радио']
258,d42d194ba6c4e674a6a625106a76fb1e,['Музыка и аудио: Спортивное радио']
259,343470324af6902808606cf1a7503575,['Музыка и аудио: Спортивное радио']
260,845249ca7f2be89ecc13c2bbb2906050,['Музыка и аудио: Спортивное радио']
261,7413b5707b2119fc392f0ac00cc2a8a1,['Музыка и аудио: Спортивное радио']
262,b43a8eca411bbbb1fcebb95d6baa5ae9,['Музыка и аудио: Спортивное радио']
263,f4346ab0877f5ba71e903f3b328034aa,['Музыка и аудио: Спортивное радио']
264,94411bb6424dc4a91ddd617c71cf323c,['Музыка и аудио: Спортивное радио']
265,9444666b1f0d17c502e46ecbaad08b67,['Музыка и аудио: Спортивное радио']
266,441c3db4884b412ee3b99db89c350fe3,['Музыка и аудио: Спортивное радио']
267,c477b6170b5991c1550032c394d93fd0,['Музыка и аудио: Спортивное радио']
268,644f486df4f8c83fc8b4eaffb88c3bb1,['Музыка и аудио: Спортивное радио']
269,74422f75d9805e7d2ebe16a382a7f841,['Музыка и аудио: Спортивное радио']
270,1459e28e970a0f0d0aa49838bc286a4d,['Музыка и аудио: Спортивное радио']
271,0449906325d8c2a0d9684f61e3547f2c,['Музыка и аудио: Спортивное радио']
272,3479baba7880dcf65066c7f4629bff36,['Музыка и аудио: Спортивное радио']
273,7444a2ce14b3a95644df679b775e171a,['Музыка и аудио: Спортивное радио']
274,a46fc7d69cdd1d869500f3f6244d827d,['Музыка и аудио: Спортивное радио']
275,8495d6aa78ecfca4f4619b52507a482d,['Музыка и аудио: Спортивное радио']
276,243d56ee80d652ea5f7c6870d4bb7e12,['Музыка и аудио: Спортивное радио']
277,24470e78f8498a39b3add50c97230d4d,['Музыка и аудио: Спортивное радио']
278,348d22b256a7b5dde702933c31f69e5d,['Музыка и аудио: Спортивное радио']
279,d4810ee3d3343eda673e01841b55d3cd,['Музыка и аудио: Спортивное радио']
280,b47fb4660430f23be8b7b842f730e1a3,['Музыка и аудио: Спортивное радио']
281,44572fb5889226f533706a4cacf0d787,['Музыка и аудио: Спортивное радио']
282,34aaa379fb8ceb3e070348f3680bc91c,['Музыка и аудио: Спортивное радио']
283,e4866b698e4945edeeded3e2189f032c,['Музыка и аудио: Спортивное радио']
284,549c4f1fdf89b0cc8ad5605a424f1b1b,['Музыка и аудио: Спортивное радио']
285,54a8d5fbc7cd3fea32f4e78fec0b860d,['Музыка и аудио: Спортивное радио']
286,a4a2880426b219bde9868f03bd445031,['Музыка и аудио: Спортивное радио']
287,94a90b0092e02b7c061fdc0a78c4609d,['Музыка и аудио: Спортивное радио']
288,4462e146b9b05a739043d8ccd24d5c38,['Музыка и аудио: Спортивное радио']
289,446fd7035429f412c394edd4608c5714,['Музыка и аудио: Спортивное радио']
290,c4cecc50f6847b4918796e0fabb23710,['Музыка и аудио: Спортивное радио']
291,f4b1fd188fe77f9f56de07e867128b13,['Музыка и аудио: Спортивное радио']
292,64c2b423220f3ab0d84c166922765075,['Музыка и аудио: Спортивное радио']
293,94b89f42ba942b26cffb47de0b762a47,['Музыка и аудио: Спортивное радио']
294,94bd5e017dc98e59798cc1722ecb5425,['Музыка и аудио: Спортивное радио']
295,c4dd03665b08df853688a3e5e1b77935,['Музыка и аудио: Спортивное радио']
296,d4cc029b1559de2da1863301d702cbbf,['Музыка и аудио: Спортивное радио']
297,249b5ddc91b98ec3cd6356773073aea0,['Музыка и аудио: Спортивное радио']
298,b4d70f82038d1d97f1b3ce2a493d12c8,['Музыка и аудио: Спортивное радио']
299,b4dbecbd42b1b7b3b95e52fdd0615117,['Музыка и аудио: Спортивное радио']
300,b4dd734867e0e47ab8c593f5aa8a6ce9,['Музыка и аудио: Спортивное радио']
301,b4e27146c9afb9acbbde16432215d9a1,['Музыка и аудио: Спортивное радио']
302,d4d6e23015b9577d5a406fc4b2427d56,['Музыка и аудио: Спортивное радио']
303,c4f416c793bb608fd8a5f4858ef825d1,['Музыка и аудио: Спортивное радио']
304,c4f464b3679c325b3c7fce341783950c,['Музыка и аудио: Спортивное радио']
305,449e6fa2827297f8b44b18ec6931b79a,['Музыка и аудио: Спортивное радио']
306,a4e95e3b2b2f0af68f9a4aca9521cbac,['Музыка и аудио: Спортивное радио']
307,e4c50ecafefd677feca6eeeae33b62e3,['Музыка и аудио: Спортивное радио']
308,e4cc6dc7ed630d93bfbfb54bb77c7551,['Музыка и аудио: Спортивное радио']
309,14faed76afb6ff2b7bcf81ed0d10bc99,['Музыка и аудио: Спортивное радио']
310,f4e823161d4cca49971fc89a86d4e9d7,['Музыка и аудио: Спортивное радио']
311,54e99123e2326dc0b8d6c4f743da959c,['Музыка и аудио: Спортивное радио']
312,85078e687c511bd7f2aa9e43d0b96735,['Музыка и аудио: Спортивное радио']
313,150e3b7254432e67843b8de3ab38a182,['Музыка и аудио: Спортивное радио']
314,f4f357cd4342b49c06edae02c307cd37,['Музыка и аудио: Спортивное радио']
315,f4f3baec9af3209e0574482d49c84843,['Музыка и аудио: Спортивное радио']
316,d5175868ec6783c321e51763bc910cfe,['Музыка и аудио: Спортивное радио']
317,050066643aa2aa369216ff6e615d683d,['Музыка и аудио: Спортивное радио']
318,0500d9579ac7e381982e06c1110bcdf3,['Музыка и аудио: Спортивное радио']
319,05039c8236004af200bfc9a990cf9693,['Музыка и аудио: Спортивное радио']
320,352ac5864d82c9d0b38d72f08607817b,['Музыка и аудио: Спортивное радио']
321,b52421996817a399be673babb53e0424,['Музыка и аудио: Спортивное радио']
322,24dbccf1b42bb1498de96586c17d4957,['Музыка и аудио: Спортивное радио']
323,f5062f0bf5b29ae410520d511c008a6e,['Музыка и аудио: Спортивное радио']
324,f5071abf6bd1269eb61c6bf33fd8b5ac,['Музыка и аудио: Спортивное радио']
325,651698f015947a05d94143b40c561a45,['Музыка и аудио: Спортивное радио']
326,651935e0bbb781d0f0cc0695661a227c,['Музыка и аудио: Спортивное радио']
327,d5331e23a7cb8bc7e80a9b52e176f6b0,['Музыка и аудио: Спортивное радио']
328,052cd03a23fe2d71c43546a7cdbd6e82,['Музыка и аудио: Спортивное радио']
329,44e44279e93a2be84066a82788abf9d3,['Музыка и аудио: Спортивное радио']
330,652dd359a061c9f1cb40a9202cd806e2,['Музыка и аудио: Спортивное радио']
331,d5404ba2e1a2add0074c4f1baf9eaf49,['Музыка и аудио: Спортивное радио']
332,854c07aaa6a19a5eee9f7f900d2bc1ea,['Музыка и аудио: Спортивное радио']
333,44eed821af4098ae4afe319709ca58f6,['Музыка и аудио: Спортивное радио']
334,d55beaf94d54cfe7bd09ff766e88dfa7,['Музыка и аудио: Спортивное радио']
335,6552c0c13cdf7b3b3aed72217d0874aa,['Музыка и аудио: Спортивное радио']
336,4515184e3aa351e56844b1d047d680c3,['Музыка и аудио: Спортивное радио']
337,b575ade141419d983a5342a922899cba,['Музыка и аудио: Спортивное радио']
338,f54fb5639f7651e11aee0ba256ccf8a1,['Музыка и аудио: Спортивное радио']
339,8582a7256dff9061382b49061636c242,['Музыка и аудио: Спортивное радио']
340,0569f9c53677bef904b9e3bc92a16f0d,['Музыка и аудио: Спортивное радио']
341,c59bff83f576c135b333f6c63bcf74ae,['Музыка и аудио: Спортивное радио']
342,5580d8371e149a69324343073d52f0ad,['Музыка и аудио: Спортивное радио']
343,2556e9651f90c6f32adb0456aff13487,['Музыка и аудио: Спортивное радио']
344,a57ddb214d2599dd4c9d339b375c95d3,['Музыка и аудио: Спортивное радио']
345,e5558bef6fcbe71faa4deb3f195efba8,['Музыка и аудио: Спортивное радио']
346,35a738eba388a0d4ba332676af7b23d3,['Музыка и аудио: Спортивное радио']
347,65966056ece2bdfa06a0d39f5aac8211,['Музыка и аудио: Спортивное радио']
348,c5b75db88ea6f70328ebaf4d84b670c3,['Музыка и аудио: Спортивное радио']
349,d5b46de4a1cc0eddce8791aa5867d8e4,['Музыка и аудио: Спортивное радио']
350,7575d29ed149be4f3ad24743f009b619,['Музыка и аудио: Спортивное радио']
351,05a67e20344c05f05ac7966bfe6731c0,['Музыка и аудио: Спортивное радио']
352,35bc3fbb1bbf64f038dc73b2890728c6,['Музыка и аудио: Спортивное радио']
353,85c6ac4a4cfc3778cd2e65139d970dba,['Музыка и аудио: Спортивное радио']
354,d5bc07f28e3406433a76c49c5bd74ddd,['Музыка и аудио: Спортивное радио']
355,05ad07b1d0223a2c18718a74723a75b8,['Музыка и аудио: Спортивное радио']
356,95a0269db75a4cfd025f7d6f8a213859,['Музыка и аудио: Спортивное радио']
357,65b54978f11d3cb0fe143a71dec7ccf4,['Музыка и аудио: Спортивное радио']
358,65b933bc1f41ba2a8d4d71fff70f20e9,['Музыка и аудио: Спортивное радио']
359,c5daa0950c3fd51a1f82b75d05cd637b,['Музыка и аудио: Спортивное радио']
360,c5dda1838fa35208e2ef2c86d5447afd,['Музыка и аудио: Спортивное радио']
361,4584892ef4814eac9d9e97ea3050c61a,['Музыка и аудио: Спортивное радио']
362,55c305b8bbcdcd2307ed865dbf4c5add,['Музыка и аудио: Спортивное радио']
363,05cae87934d81731afda97c91459b975,['Музыка и аудио: Спортивное радио']
364,a5ca18452c2ad26eeaa2007683840755,['Музыка и аудио: Спортивное радио']
365,65c45fdf973e114f6ca9bbbe60748950,['Музыка и аудио: Спортивное радио']
366,c5ec3ef0b1248f12622129d4f143ed91,['Музыка и аудио: Спортивное радио']
367,d5f4cf45e95b1fb22a08a9c7b6006b1f,['Музыка и аудио: Спортивное радио']
368,45a95d8a4912655a30c6e8dfc187def9,['Музыка и аудио: Спортивное радио']
369,8605bee230b46e9e5532859f3e7adb06,['Музыка и аудио: Спортивное радио']
370,a5e7e8e91ac48f3b97b67d60e68a692d,['Музыка и аудио: Спортивное радио']
371,a5e7f827bd1345e8237655d535a680c0,['Музыка и аудио: Спортивное радио']
372,a5e82d6e848953832d839212af0fefd2,['Музыка и аудио: Спортивное радио']
373,c618d967758fcd6fe731e3bd4ba986f9,['Музыка и аудио: Спортивное радио']
374,65e9609d3845e86edbf7f224943db45f,['Музыка и аудио: Спортивное радио']
375,05f167f9777b73e552b23fdd0101c8fd,['Музыка и аудио: Спортивное радио']
376,05fe0816e2e62fd2de71b285ef9411fa,['Музыка и аудио: Спортивное радио']
377,862560fafa172a0a774a9070c53165df,['Музыка и аудио: Спортивное радио']
378,d61c53967d027797bc1482f5c4bc9a8a,['Музыка и аудио: Спортивное радио']
379,a5f5f91737c3ef83a5c5c5d11c0ddb75,['Музыка и аудио: Спортивное радио']
380,a5fa5545ccc8bb1b3d8a98e59d766d72,['Музыка и аудио: Спортивное радио']
381,b633e86dc22ca2345d325aacd8fe5a4a,['Музыка и аудио: Спортивное радио']
382,b63b42672ba1e3fe8d4d5a1329bbe892,['Музыка и аудио: Спортивное радио']
383,3628de002c0295903b30e138b6336ddd,['Музыка и аудио: Спортивное радио']
384,061757c33a9667fa31e7bd442c61dff6,['Музыка и аудио: Спортивное радио']
385,e5e94aa6584c9c3a524d30ab53488322,['Музыка и аудио: Спортивное радио']
386,45ea9187d5ade9f6dabd354932768ce6,['Музыка и аудио: Спортивное радио']
387,45ec1db7bbd7dd80ee88c0b5a5c4010b,['Музыка и аудио: Спортивное радио']
388,36418072b48e35188700014a4648b710,['Музыка и аудио: Спортивное радио']
389,c64929d7b74c90e2e630e0c8c03e3d7a,['Музыка и аудио: Спортивное радио']
390,75fcd6e0cb5609760fe2a2592660e0cd,['Музыка и аудио: Спортивное радио']
391,d658dbe6befec1abf48fb2c774c65d2d,['Музыка и аудио: Спортивное радио']
392,d65ffffb8545ab26c7a5d9b34bda193c,['Музыка и аудио: Спортивное радио']
393,e61a058e3eabe4e88f66f1df09744d68,['Музыка и аудио: Спортивное радио']
394,663ac16d23ef52bd261af0a41e6d8f6b,['Музыка и аудио: Спортивное радио']
395,f61c677f18e3f7eeed5d151616f38b94,['Музыка и аудио: Спортивное радио']
396,1655feecccb90bc7ca98190f3c55effb,['Музыка и аудио: Спортивное радио']
397,c681af535797976d381e72f5fba59f1a,['Музыка и аудио: Спортивное радио']
398,d66dd612b196b3e07af6263c9d3bf44e,['Музыка и аудио: Спортивное радио']
399,b6826d581b1fd5fc5cdca9d62fa9f1c4,['Музыка и аудио: Спортивное радио']
400,4621963b420b6fc83eed494a5b650caf,['Музыка и аудио: Спортивное радио']
401,66565ea576a9f4a35056d1bcd409fd90,['Музыка и аудио: Спортивное радио']
402,665a6c8d550c6a6c322a592eee097742,['Музыка и аудио: Спортивное радио']
403,964c9e581111029c7fd894667f4a7d03,['Музыка и аудио: Спортивное радио']
404,367edd85542ce8d37e06cd8af285e3b5,['Музыка и аудио: Спортивное радио']
405,1679cc0cc8fb6daa0256b504048ed45f,['Музыка и аудио: Спортивное радио']
406,d694446f65e53a165bf40af2ad446b19,['Музыка и аудио: Спортивное радио']
407,a672cb06677449bbe8dbe91e6c223834,['Музыка и аудио: Спортивное радио']
408,c6946c43e129ef969c09fd0a1f56ac15,['Музыка и аудио: Спортивное радио']
409,c69c71b551bf709d30080339a390f02b,['Музыка и аудио: Спортивное радио']
410,c6a1abd82cf97e596b985295eec993fe,['Музыка и аудио: Спортивное радио']
411,86914f8d16558729c68e1329b8a68d50,['Музыка и аудио: Спортивное радио']
412,e6492d4d90d5bd23edafd775094421f2,['Музыка и аудио: Спортивное радио']
413,264264a4a40803a76a16aa9246113267,['Музыка и аудио: Спортивное радио']
414,d695f3f76512d56788f8c5d2096ccec5,['Музыка и аудио: Спортивное радио']
415,668cdce2ca8b6205e4bec5e5bb6870be,['Музыка и аудио: Спортивное радио']
416,567dc4ba643cb16e78c8ed0d0ba83c3a,['Музыка и аудио: Спортивное радио']
417,86a76fa0af1e08aa1911c91cca9a740f,['Музыка и аудио: Спортивное радио']
418,36a68941f05d6a8ce5bbf82ab53ff80d,['Музыка и аудио: Спортивное радио']
419,0693e39c7ff42f643f833ca800ec03ea,['Музыка и аудио: Спортивное радио']
420,06992e5c2908cfbcbf96d6a1b87dc616,['Музыка и аудио: Спортивное радио']
421,d6b65858c48930b38d3e26a07bfce613,['Музыка и аудио: Спортивное радио']
422,b6bbac1a4c4e141934459f111a6ac6c8,['Музыка и аудио: Спортивное радио']
423,668ea6c812de8435b167bc4ad66107de,['Музыка и аудио: Спортивное радио']
424,569aff3dd27b24d67332c7ebfff5d490,['Музыка и аудио: Спортивное радио']
425,e66b06cf902810f1d09e470947e91c80,['Музыка и аудио: Спортивное радио']
426,16b1febb7b53cfde059d95b8b3a862a8,['Музыка и аудио: Спортивное радио']
427,96972dd05f23de3dedb29f1b80127b05,['Музыка и аудио: Спортивное радио']
428,e678874bbd502cc744b757e1bd37c563,['Музыка и аудио: Спортивное радио']
429,e68146b195fbcaf14c7de48785772ca0,['Музыка и аудио: Спортивное радио']
430,86d019b666d7c8a3f1d7604f6908ce81,['Музыка и аудио: Спортивное радио']
431,267d867c27078d1b8e6744c0094b7f88,['Музыка и аудио: Спортивное радио']
432,56b19c77d2438903fd4bd30337cbc817,['Музыка и аудио: Спортивное радио']
433,4680d97225889060f75cd8cc37d3ebde,['Музыка и аудио: Спортивное радио']
434,16c6b820332bdcdc87ef197ab017d3a7,['Музыка и аудио: Спортивное радио']
435,a6c21c68b3d67aad6564f41eb52bbb72,['Музыка и аудио: Спортивное радио']
436,56c9e111571c4847afd4ce4ed1c3c5c9,['Музыка и аудио: Спортивное радио']
437,06c0ce9083a541fddfa1e80b51acd677,['Музыка и аудио: Спортивное радио']
438,269910b058386ce77d1a8caa32012127,['Музыка и аудио: Спортивное радио']
439,56de9bb8450659e6c9bebb25fe30d39f,['Музыка и аудио: Спортивное радио']
440,26aea6ec6a080880f2a62c2d9431de0f,['Музыка и аудио: Спортивное радио']
441,d70c45bc09cbbe583c9cede0477040a7,['Музыка и аудио: Спортивное радио']
442,76b27004f56b95c3436f1fec0e97d4cc,['Музыка и аудио: Спортивное радио']
443,46b9f9b5b0329d8fa3aeb4ebee9e1a51,['Музыка и аудио: Спортивное радио']
444,96fecdb163606ee6adc297775475fc74,['Музыка и аудио: Спортивное радио']
445,16ff88fd58ad271766a80fb6edd9a8df,['Музыка и аудио: Спортивное радио']
446,46c5cffac9d0f361ba92702e59cecf55,['Музыка и аудио: Спортивное радио']
447,f6d670c13805ccb1162d87f1d2284233,['Музыка и аудио: Спортивное радио']
448,76c41bdad1885317836b9e4645c6a7c7,['Музыка и аудио: Спортивное радио']
449,e6cb1ed9cba95335b177b38d224a9cad,['Музыка и аудио: Спортивное радио']
450,371a5a66029bfdadd4d17f8d4ead562d,['Музыка и аудио: Спортивное радио']
451,f6e148292c1a1043ddfb6621567236f6,['Музыка и аудио: Спортивное радио']
452,b74783bf9b09e4bcb466dff31f6eca6f,['Музыка и аудио: Спортивное радио']
453,0731d583f47d3d0f738e3f9a1b350f75,['Музыка и аудио: Спортивное радио']
454,373f7ea82a32472ad16213af5c179eb6,['Музыка и аудио: Спортивное радио']
455,57319aeaeec5d67cab1120898204477d,['Музыка и аудио: Спортивное радио']
456,1739a3694790634eada5085d1ec0c5ba,['Музыка и аудио: Спортивное радио']
457,b75e26a1e7a802f89ad6951d1aad5322,['Музыка и аудио: Спортивное радио']
458,76ec80b7a2aafcf5a33b61cc9c298cb2,['Музыка и аудио: Спортивное радио']
459,8769ca8f5a3e0f53ff89c19e98392d76,['Музыка и аудио: Спортивное радио']
460,e714d955948cdfb7c8edd5d8325a5ff6,['Музыка и аудио: Спортивное радио']
461,c76deb376b54bd5035141cd986849c3b,['Музыка и аудио: Спортивное радио']
462,f7163b988b8e573357035393700025d7,['Музыка и аудио: Спортивное радио']
463,27103b3cdf0ca2fdfdd3e4223b398a6f,['Музыка и аудио: Спортивное радио']
464,b779c9fa92af1371021656e3cc99dcf2,['Музыка и аудио: Спортивное радио']
465,975f32a24cb025fdbb39c71a9bce4d6f,['Музыка и аудио: Спортивное радио']
466,d78bacba0d678cccdc52dfeae83a35c1,['Музыка и аудио: Спортивное радио']
467,47468ddd40617945dca0a2396dfb0e09,['Музыка и аудио: Спортивное радио']
468,5773391aa0703296a4e5678defbd564a,['Музыка и аудио: Спортивное радио']
469,772b93bb6c53e00b6e5337c6488479b5,['Музыка и аудио: Спортивное радио']
470,f73973663b9369f780a1a61e39cc5b56,['Музыка и аудио: Спортивное радио']
471,97801219ea7597fdfc6366e064907277,['Музыка и аудио: Спортивное радио']
472,d7a3badbc742ab5c066a5b8e5c35e44b,['Музыка и аудио: Спортивное радио']
473,e74c02fffed39e796749d6d8229aede7,['Музыка и аудио: Спортивное радио']
474,27449e11f62f1c64f3cea4be630e1443,['Музыка и аудио: Спортивное радио']
475,274596a661817de7f35290900079da40,['Музыка и аудио: Спортивное радио']
476,27502230e3b28415817c8ff996e97539,['Музыка и аудио: Спортивное радио']
477,87bc0a1d246ed6c72b77da2f9d277054,['Музыка и аудио: Спортивное радио']
478,1797036b3e0e118fd103d7b007744b88,['Музыка и аудио: Спортивное радио']
479,078da01cb10b2e44a3126ace7f8d4a61,['Музыка и аудио: Спортивное радио']
480,f76723662f79bca0d45acfe491a5aeee,['Музыка и аудио: Спортивное радио']
481,5798c68978943ed7900de49f733913ec,['Музыка и аудио: Спортивное радио']
482,b7aa0826e9237c2bccc51b21127be7eb,['Музыка и аудио: Спортивное радио']
483,b7b149c0dd4f9f5cea535af7e6bf95cd,['Музыка и аудио: Спортивное радио']
484,2758e50ad5d3984b90902ac4197de4f9,['Музыка и аудио: Спортивное радио']
485,2762e778b3a9519732cd3fcf655c2b2d,['Музыка и аудио: Спортивное радио']
486,476ff4965bb738733c12ac044ea155d3,['Музыка и аудио: Спортивное радио']
487,7762169ef29d7dcd2072ca0b015418fa,['Музыка и аудио: Спортивное радио']
488,17ae54181c22e2e235e69e96ff93770d,['Музыка и аудио: Спортивное радио']
489,07a0e720439d29e5ccfddfdc12441c45,['Музыка и аудио: Спортивное радио']
490,276ffb157f1579e3d98cc1e3e0d8e74c,['Музыка и аудио: Спортивное радио']
491,f7813de04dfa464b3856ca837777bdef,['Музыка и аудио: Спортивное радио']
492,c7db5c57e224d951897f26d44cdbee8f,['Музыка и аудио: Спортивное радио']
493,e77954656dc63bc696ba2796da976d1a,['Музыка и аудио: Спортивное радио']
494,17be57ec640fd6b597e331f7c42261b6,['Музыка и аудио: Спортивное радио']
495,87e45bc080ea5f6b0ff534136be424db,['Музыка и аудио: Спортивное радио']
496,b7d0438427553808ce7dfe2b82f24ce5,['Музыка и аудио: Спортивное радио']
497,4790fc6692c29d4a50433cde975512a0,['Музыка и аудио: Спортивное радио']
498,47a6f5713a7ca03ef6d5799b6a1f5154,['Музыка и аудио: Спортивное радио']
499,c7ff321649675075b7e93b4d1d29a9b9,['Музыка и аудио: Спортивное радио']
500,97dfff80d98a8db50fa90dc01651a64f,['Музыка и аудио: Спортивное радио']
501,77ad39acf480ae74ae6fbf5169abfd1e,['Музыка и аудио: Спортивное радио']
502,b7fe8a9e6ef4cf0518f240682ff00ba6,['Музыка и аудио: Спортивное радио']
503,a7f3abafc0ea6ea19a70e4af6bbde13f,['Музыка и аудио: Спортивное радио']
504,47dd5bde63d8042b07272706e3ddbbd2,['Музыка и аудио: Спортивное радио']
505,c833bc9a61af7fe06a86c6cc9db83e93,['Музыка и аудио: Спортивное радио']
506,f7cb5b79188366455ffbb8d1e6ebbb37,['Музыка и аудио: Спортивное радио']
507,e7c03ca9caed880ec60ad160204edb83,['Музыка и аудио: Спортивное радио']
508,a8033ba9f69362b009d852b2a9d76749,['Музыка и аудио: Спортивное радио']
509,a80651be771f5567b9d72b5be6b057ca,['Музыка и аудио: Спортивное радио']
510,a80794bfa421b4cbe742d892392f8b48,['Музыка и аудио: Спортивное радио']
511,a808f0de343faf6320bcc94ea57c5381,['Музыка и аудио: Спортивное радио']
512,38108a2c4d272259f4ed856bfcd535b3,['Музыка и аудио: Спортивное радио']
513,67f89eb6790f7ccd2c2afb02da1c09f1,['Музыка и аудио: Спортивное радио']
514,67fd8b0b07622dcb1c48a3c7424288cc,['Музыка и аудио: Спортивное радио']
515,68007d7d891356eaf785bb251b186a0e,['Музыка и аудио: Спортивное радио']
516,c8503e3a2927a3748f7863be40207b8d,['Музыка и аудио: Спортивное радио']
517,884c87d3db626acd37d9786b4c195a44,['Музыка и аудио: Спортивное радио']
518,27cf1386822feacbd0735c2262a33198,['Музыка и аудио: Спортивное радио']
519,c860598c9519ac82c603f87cf80f1900,['Музыка и аудио: Спортивное радио']
520,a82b64bed5f0fdcd2b40f2ab3300acd0,['Музыка и аудио: Спортивное радио']
521,885de55b1cb3c2fd61a09ef6c63492b9,['Музыка и аудио: Спортивное радио']
522,b8258d97dd835ad0165d75711d330497,['Музыка и аудио: Спортивное радио']
523,383008bf0c6467443b55d3aa3c4b54f1,['Музыка и аудио: Спортивное радио']
524,a838a958cf227f4fa54a9bb88bc6d8a9,['Музыка и аудио: Спортивное радио']
525,983d2dd0036b95f91c8d2983973e1285,['Музыка и аудио: Спортивное радио']
526,d86fa213780a5565baad7310d606eb52,['Музыка и аудио: Спортивное радио']
527,27f5830fea9de931cdcb7d8712ecf57a,['Музыка и аудио: Спортивное радио']
528,77ff0729d440aacebe89e2b62f67344a,['Музыка и аудио: Спортивное радио']
529,78002eb306ae22e44147464bc45842f8,['Музыка и аудио: Спортивное радио']
530,585db0ca94b5180c38e035b5556f35a1,['Музыка и аудио: Спортивное радио']
531,586babcf285882b497882b5da0ad8db1,['Музыка и аудио: Спортивное радио']
532,a85b3391b4794b13168655cf53733f54,['Музыка и аудио: Спортивное радио']
533,8884c062bfa7739bb0bd71bb02fd7893,['Музыка и аудио: Спортивное радио']
534,f81bccf523806ad556d157c090cd95e4,['Музыка и аудио: Спортивное радио']
535,f81df1b566b74b7c586e29306624e132,['Музыка и аудио: Спортивное радио']
536,c894f1cbeb6228b63fe84e55259ce5e8,['Музыка и аудио: Спортивное радио']
537,3851b55d64fc966ddc30ed9e8b2ec77e,['Музыка и аудио: Спортивное радио']
538,385aa59a55cc47d6bc1a3773d219b14b,['Музыка и аудио: Спортивное радио']
539,484b3600ebf13d5f11b1123b2fe4b142,['Музыка и аудио: Спортивное радио']
540,4858245da2dd61ddae497f48f66de214,['Музыка и аудио: Спортивное радио']
541,783103303baa5c23085ba58affd65b95,['Музыка и аудио: Спортивное радио']
542,7838a4a2b2d957138896bd5fe7fb1e56,['Музыка и аудио: Спортивное радио']
543,d8b7763d8fe9de0ad08f613ca9f0801d,['Музыка и аудио: Спортивное радио']
544,88c61d1bbe6388168becd0a2f3c153b7,['Музыка и аудио: Спортивное радио']
545,88c7522e63ebc8ed4c11f023d65b2b4d,['Музыка и аудио: Спортивное радио']
546,e85a04e0797ac3e07c2a4ee293b50760,['Музыка и аудио: Спортивное радио']
547,e85d2af5f1b3b26a4618dda3223e4ef2,['Музыка и аудио: Спортивное радио']
548,c8daffbc06f5a818ede3dc83eacdfc6f,['Музыка и аудио: Спортивное радио']
549,284d39d6a9aa182a75b0c2bf6e7755bf,['Музыка и аудио: Спортивное радио']
550,a8997054739c4ff1a504a9a19682c07b,['Музыка и аудио: Спортивное радио']
551,6875e2826192a176e5217a90f10961cb,['Музыка и аудио: Спортивное радио']
552,68787e6a239ba4b826aa9d604c035ecd,['Музыка и аудио: Спортивное радио']
553,88c84c53162a732dcbca73526bf05db6,['Музыка и аудио: Спортивное радио']
554,88d3e207c19b62a0dd090fa1dc25c536,['Музыка и аудио: Спортивное радио']
555,d8d14605a042a1d7d7c8493d7ca70e08,['Музыка и аудио: Спортивное радио']
556,d8dca0c7d427658d42bd84aca5089fc0,['Музыка и аудио: Спортивное радио']
557,58be8881640161228e3e691b00a11bd2,['Музыка и аудио: Спортивное радио']
558,58c2c16ee87cfc9f8a5529eb90d16c9c,['Музыка и аудио: Спортивное радио']
559,f85e02cd97f70a43ab3f2788631a00e6,['Музыка и аудио: Спортивное радио']
560,18beb4d67d419372e6c1d3eaf1654ebc,['Музыка и аудио: Спортивное радио']
561,08b51f366509ad8f85fa4e7a739241d9,['Музыка и аудио: Спортивное радио']
562,08be39ce16a297ce030f2e22bd60918d,['Музыка и аудио: Спортивное радио']
563,6897d8354dc92f990f2486c3a3a706c7,['Музыка и аудио: Спортивное радио']
564,98d7c00514d493c9faba0b7794f430cf,['Музыка и аудио: Спортивное радио']
565,a8d73a0e199d8132c0f70dcdddb1d8d3,['Музыка и аудио: Спортивное радио']
566,c9037afc75a046c5cd24945974de9c20,['Музыка и аудио: Спортивное радио']
567,287d3a01f69be7c07ce3dd0f69ab32b1,['Музыка и аудио: Спортивное радио']
568,287e718f42d06e8d91987c1b8dc19a77,['Музыка и аудио: Спортивное радио']
569,288598620365fba0b6be346b8d1ee411,['Музыка и аудио: Спортивное радио']
570,58e057bd274585a69c48f7f3c39e4fc9,['Музыка и аудио: Спортивное радио']
571,08d8224d59b55298abaf56b35a2753e3,['Музыка и аудио: Спортивное радио']
572,98e715f193c0112319ff32dd1ca79bfc,['Музыка и аудио: Спортивное радио']
573,98e80e7f75456ed04eaed0e1dd743c5a,['Музыка и аудио: Спортивное радио']
574,289968ecca79958af4f0b203dc808a83,['Музыка и аудио: Спортивное радио']
575,c919586dfa276e74fbbbb8da56414b71,['Музыка и аудио: Спортивное радио']
576,b8fdba62733e2eba347771ca3edfc2df,['Музыка и аудио: Спортивное радио']
577,c92d6b36e3a27b273d01344a8d6f04ca,['Музыка и аудио: Спортивное радио']
578,c933ebf40ff161591a58d7878dff5fcb,['Музыка и аудио: Спортивное радио']
579,78bf45a6d880bd941193f8ca5a2d5386,['Музыка и аудио: Спортивное радио']
580,68d13b3f9dd7c8643d2857bb65815a0b,['Музыка и аудио: Спортивное радио']
581,f8b44b5a08fa7b7116f754cef1ef8867,['Музыка и аудио: Спортивное радио']
582,5908bed09e1a1a950b912e340b1cd5f2,['Музыка и аудио: Спортивное радио']
583,d9449be5fa539fd552848a45f25e20c3,['Музыка и аудио: Спортивное радио']
584,38f53807fc38acbf5cfeb80dca988588,['Музыка и аудио: Спортивное радио']
585,5914b37d14a6205e3086059d3d2ee591,['Музыка и аудио: Спортивное радио']
586,c94e90cfcdaf5e2143c2aaa43a0b89d8,['Музыка и аудио: Спортивное радио']
587,0922570d69605425ab8bd709c48a6ffa,['Музыка и аудио: Спортивное радио']
588,0927981a221f24c08c7f595f61dc2cd9,['Музыка и аудио: Спортивное радио']
589,b92801180db0dd2571a4accc505af58a,['Музыка и аудио: Спортивное радио']
590,e8d072f424440e0c8960a963452ef734,['Музыка и аудио: Спортивное радио']
591,3911762f91086068bca76d410a83e20c,['Музыка и аудио: Спортивное радио']
592,f8ec90ed765c1025616cb4ceec73200c,['Музыка и аудио: Спортивное радио']
593,09405757af3cca60b1b37d77eadb4164,['Музыка и аудио: Спортивное радио']
594,8974056cd4bd83b40bb92193d429e9d9,['Музыка и аудио: Спортивное радио']
595,594d4c34090352b28bbc64b58bdd172b,['Музыка и аудио: Спортивное радио']
596,195430c19cc32ebc1909a8ad51343650,['Музыка и аудио: Спортивное радио']
597,a9653dda9169d21f69a355ad6c4e2f64,['Музыка и аудио: Спортивное радио']
598,290c90718b7ca436c6f6b7c6bbb2a1ff,['Музыка и аудио: Спортивное радио']
599,e90f6df2f4a4c3a3302b5f8cf8e6acc5,['Музыка и аудио: Спортивное радио']
600,7920b9af4fbbf65500a0c11184afcecb,['Музыка и аудио: Спортивное радио']
601,792aa0f782f9a89e402a4f994595d7c8,['Музыка и аудио: Спортивное радио']
602,c9937231691142497350802019397313,['Музыка и аудио: Спортивное радио']
603,492c2a5acf623893b1070dec0877490e,['Музыка и аудио: Спортивное радио']
604,097aa5e7f37f217cb6165cacfd36ea5b,['Музыка и аудио: Спортивное радио']
605,693c737ed0a23de565ace5ae7c1b250a,['Музыка и аудио: Спортивное радио']
606,5966d16e935a44014892f518ad41b0e2,['Музыка и аудио: Спортивное радио']
607,89abad3b067f3537902ec89d4b633914,['Музыка и аудио: Спортивное радио']
608,b9905e6cc1a26743665edb4265f79cc8,['Музыка и аудио: Спортивное радио']
609,c9b7ef0cbc9fe04f900f1ad9dbc2a2bc,['Музыка и аудио: Спортивное радио']
610,395cdfab22916655f76c328dbfd25a68,['Музыка и аудио: Спортивное радио']
611,d9a02cd54a5fe5478c915f92f7292d02,['Музыка и аудио: Спортивное радио']
612,f93266d3ac87373213a74ae2a7dcb94b,['Музыка и аудио: Спортивное радио']
613,597135f35ceaee2756a7e1fa381444f7,['Музыка и аудио: Спортивное радио']
614,597eb83e2edc9d143945861ec6995447,['Музыка и аудио: Спортивное радио']
615,9998cfacfa322d7923f5a7628b46ef63,['Музыка и аудио: Спортивное радио']
616,0993ded0df37f7da1469f691adb5a43b,['Музыка и аудио: Спортивное радио']
617,099fd80077931649d5e71fa95cdbf42b,['Музыка и аудио: Спортивное радио']
618,99adeb172e2737e9eb0b047c4e162fbf,['Музыка и аудио: Спортивное радио']
619,49803133dd30004babe6194650cdc3c3,['Музыка и аудио: Спортивное радио']
620,89d1d5fb7695fba894dab1b6665fcac2,['Музыка и аудио: Спортивное радио']
621,2952b0a7148f5bb09247b22048cd11b9,['Музыка и аудио: Спортивное радио']
622,99bee031f03d139610782ddc76119857,['Музыка и аудио: Спортивное радио']
623,89e6c4c0ec5a85c12467245c87e1c26f,['Музыка и аудио: Спортивное радио']
624,89f54e2d30f46a846059564bf7ac7c14,['Музыка и аудио: Спортивное радио']
625,e970657a447e86468b366ebbc705f6b1,['Музыка и аудио: Спортивное радио']
626,19d359e17b20cd28ecb1d36e7aa90581,['Музыка и аудио: Спортивное радио']
627,f95d3136cb54920f263e065b84741b2c,['Музыка и аудио: Спортивное радио']
628,8a063a2ce75f2cbd1f7a341540240277,['Музыка и аудио: Спортивное радио']
629,49c3735a65a729ac595ef2d5e00cc473,['Музыка и аудио: Спортивное радио']
630,29971fc753cac1e2fa93dfc966b913aa,['Музыка и аудио: Спортивное радио']
631,8a0fb3b72a793b85c67ef059780a66d8,['Музыка и аудио: Спортивное радио']
632,ca25a936356ba145b4de62c34b49c696,['Музыка и аудио: Спортивное радио']
633,f980226eab02261b02391bf7076ada98,['Музыка и аудио: Спортивное радио']
634,da0c06b2f2e7d1ccc2cc162118bc5677,['Музыка и аудио: Спортивное радио']
635,29a5978f3af21504686616b226f5f7bf,['Музыка и аудио: Спортивное радио']
636,b9fcdc8ea7b5a7fc3e3ce6bdcd26263b,['Музыка и аудио: Спортивное радио']
637,ca26ef5a24228c633eb7132829443671,['Музыка и аудио: Спортивное радио']
638,f99dd691e40ce9e5a85ac285c0df2d45,['Музыка и аудио: Спортивное радио']
639,39e0c3c481a7f45021056bdfb7b1b602,['Музыка и аудио: Спортивное радио']
640,ca39c17bde5cc48ce95a9a7fa5f733dc,['Музыка и аудио: Спортивное радио']
641,8a33343d39af6a2d2d7cecf209a7a10f,['Музыка и аудио: Спортивное радио']
642,0a00bb871aec241e7065ed9cb26acfc4,['Музыка и аудио: Спортивное радио']
643,79cc0f53d0b33069fb0a60a6523287a0,['Музыка и аудио: Спортивное радио']
644,79d0603c9f7ad2e5d8e435d46327402a,['Музыка и аудио: Спортивное радио']
645,f9acb7a21f13b8499a25884ff1692372,['Музыка и аудио: Спортивное радио']
646,aa16953bbb8fdb2dfc5fc368f4abe89a,['Музыка и аудио: Спортивное радио']
647,da367df815c2fbdd3a2c734d4dde07dc,['Музыка и аудио: Спортивное радио']
648,ca54fa80c54efd6dbaa13da865893ed2,['Музыка и аудио: Спортивное радио']
649,0a148a3aa95e76ced2d993525badc986,['Музыка и аудио: Спортивное радио']
650,aa2bee559debf2325b3805b803840fa9,['Музыка и аудио: Спортивное радио']
651,1a291fbe33c55a983b08f5fa60f71710,['Музыка и аудио: Спортивное радио']
652,e9cf3b231f2fbeb8e87400b241832f7e,['Музыка и аудио: Спортивное радио']
653,0a1bd95990029433d45dd0a7b15d9b50,['Музыка и аудио: Спортивное радио']
654,f9c6dfed45ffeccdb88d9d495a52600f,['Музыка и аудио: Спортивное радио']
655,f9ca242a41f6b8bdee17818fe3acf0ee,['Музыка и аудио: Спортивное радио']
656,69eab011e932d4008152b85696a0a80a,['Музыка и аудио: Спортивное радио']
657,4a0c52aebf8915dfcb6826b7dbfd1ce5,['Музыка и аудио: Спортивное радио']
658,29f12c52655b55c5f0f114a79215785d,['Музыка и аудио: Спортивное радио']
659,da5a1061554a70e81b299044f23eb323,['Музыка и аудио: Спортивное радио']
660,9a5a16f6201c634407ed53cfd83ab0b2,['Музыка и аудио: Спортивное радио']
661,9a5a7bc4b9ef7faba913792ac1ab13a5,['Музыка и аудио: Спортивное радио']
662,8a762b2f22accc32159926c8054fd8e9,['Музыка и аудио: Спортивное радио']
663,f9e18003e113288a9035e9c5c409dab0,['Музыка и аудио: Спортивное радио']
664,ba3b2cbcf1ec22dc382026c32a0d5130,['Музыка и аудио: Спортивное радио']
665,ba447f6dad5760704a07ffc022e83f92,['Музыка и аудио: Спортивное радио']
666,69f30216685d60bfbfb874c7122744b8,['Музыка и аудио: Спортивное радио']
667,aa4b0884e22e429483904440a497d5ca,['Музыка и аудио: Спортивное радио']
668,f9e6ab2c45ba4cbfdfd7e6afadd408a1,['Музыка и аудио: Спортивное радио']
669,f9f04e67e34a955e458f93092a9f1efb,['Музыка и аудио: Спортивное радио']
670,ca9201099e1f971acf8e809a540674a2,['Музыка и аудио: Спортивное радио']
671,4a4dc53857b44464613052a331877a07,['Музыка и аудио: Спортивное радио']
672,5a59d4150c426269e2df4ca41e8b5438,['Музыка и аудио: Спортивное радио']
673,1a5743706b4355451991676db508deeb,['Музыка и аудио: Спортивное радио']
674,ea11c89337776fd7d403a632c796017f,['Музыка и аудио: Спортивное радио']
675,da842509c860e6ce92e8714eab469f7d,['Музыка и аудио: Спортивное радио']
676,aa6f2f082ed8e986e809e8744b5ce346,['Музыка и аудио: Спортивное радио']
677,9aa4ebb9cd85125b50df76c5e44bd4e7,['Музыка и аудио: Спортивное радио']
678,6a365452eab9c772705e078ccb5f91a2,['Музыка и аудио: Спортивное радио']
679,0a7a288165c6051ebd74010be4dc9aa8,['Музыка и аудио: Спортивное радио']
680,4a6d6e98413508867dc1adafef8c5e46,['Музыка и аудио: Спортивное радио']
681,aa7a9ff8a184583307687c9a7800b343,['Музыка и аудио: Спортивное радио']
682,ba80f14bf6c725078624a27fd6a5f3c1,['Музыка и аудио: Спортивное радио']
683,2a3881f30716e778b7808502f1c27498,['Музыка и аудио: Спортивное радио']
684,6a4af34a12c71eede5080d98b127bf3e,['Музыка и аудио: Спортивное радио']
685,3a6fbaefd25a49db80c8d8db21f1c1d7,['Музыка и аудио: Спортивное радио']
686,1a9595342c12cdaa9c6589b98f1281cf,['Музыка и аудио: Спортивное радио']
687,2a4e2848527b622b82996bd2136dd913,['Музыка и аудио: Спортивное радио']
688,dac4f2405e5f879dcae95128d552f651,['Музыка и аудио: Спортивное радио']
689,6a6c8bb16e1e1b5dbaf0eaaa4802b544,['Музыка и аудио: Спортивное радио']
690,9af08a3db20b15aec5b2eaaa15422e5a,['Музыка и аудио: Спортивное радио']
691,2a67205d8725698ef55feee26dac4c4a,['Музыка и аудио: Спортивное радио']
692,cafdd493ec8d3dfb336e9b7a770fe8f1,['Музыка и аудио: Спортивное радио']
693,3a84cf5e54a272f77470dd066f554edb,['Музыка и аудио: Спортивное радио']
694,3a8760f7de25a13acc15ffb30081f13a,['Музыка и аудио: Спортивное радио']
695,bac65df52eb9afe4647309fc52b43d0a,['Музыка и аудио: Спортивное радио']
696,bad0b5ee74d0870ea6b26d338e7939ed,['Музыка и аудио: Спортивное радио']
697,7a9881aa71d49ff373610d98068a8c5a,['Музыка и аудио: Спортивное радио']
698,0ac1817349ccfc9cd7252a95e22eb087,['Музыка и аудио: Спортивное радио']
699,0ac24affcaad658a5bbe26650192069f,['Музыка и аудио: Спортивное радио']
700,9afea8dbd8a072961d67e2b83e3540d2,['Музыка и аудио: Спортивное радио']
701,aabedcb044b0c6b093e313377eeef77d,['Музыка и аудио: Спортивное радио']
702,0ac7ed0507b2364e40030d11bf52ee5d,['Музыка и аудио: Спортивное радио']
703,6a956fd0e6f88ce9f7c67107cbe9c7db,['Музыка и аудио: Спортивное радио']
704,cb1b3d7e9960d273f787c7cd917bb9b8,['Музыка и аудио: Спортивное радио']
705,aadd0148545dcd55612b33ec43c1e3cd,['Музыка и аудио: Спортивное радио']
706,4ac3ae3413347e4bcaa66faf649e5cde,['Музыка и аудио: Спортивное радио']
707,7ac20ce8e4820c0b8d17ced2754e8394,['Музыка и аудио: Спортивное радио']
708,fa7bdaa6ec0bcb973b7c013e7caaabf7,['Музыка и аудио: Спортивное радио']
709,1ad4048ab1da9df744715a8a99eac8b8,['Музыка и аудио: Спортивное радио']
710,6ab2b5c91e02ad530ac31f8e57e37af1,['Музыка и аудио: Спортивное радио']
711,8b28a50116d150a9fceb4b434f8db46f,['Музыка и аудио: Спортивное радио']
712,aaf2e13f05c81070c65d52a4f9983c5d,['Музыка и аудио: Спортивное радио']
713,7ae8dba100ff92da051677318f1bcb60,['Музыка и аудио: Спортивное радио']
714,4ae45fdfd387f5a00225798709fe0337,['Музыка и аудио: Спортивное радио']
715,6abe225b414e16aa14179c8f7b1cb7f1,['Музыка и аудио: Спортивное радио']
716,9b5384b25be9360cefa6216723a0dfaa,['Музыка и аудио: Спортивное радио']
717,eada97df34b0c7cf108358eab0da007a,['Музыка и аудио: Спортивное радио']
718,7b02129a2b38763399df6611fcdfcfd1,['Музыка и аудио: Спортивное радио']
719,cb66770e0ffdb610d3ac1d60cbaf0181,['Музыка и аудио: Спортивное радио']
720,ab2f5de056a6bc68509201c439ba060c,['Музыка и аудио: Спортивное радио']
721,4b0aa4661e1946b05b7f87e20cbb0b95,['Музыка и аудио: Спортивное радио']
722,2ae34024d1a38e2a869d64520ed79f20,['Музыка и аудио: Спортивное радио']
723,fad073b8fda7519552a92ce7bf84ebd3,['Музыка и аудио: Спортивное радио']
724,6adf7c896799d0c5d63486af2d25078b,['Музыка и аудио: Спортивное радио']
725,cb718f23524eb08af2f8036eedc6b50c,['Музыка и аудио: Спортивное радио']
726,cb7e0aee769f6a490d23f88ab171693d,['Музыка и аудио: Спортивное радио']
727,9b7a478e54005e2cc0e31d7bbae28a7f,['Музыка и аудио: Спортивное радио']
728,3b1309649ff64b03b77f9e6925fa458f,['Музыка и аудио: Спортивное радио']
729,2af42e54e82e38e1f0ff49c3a30d1f8c,['Музыка и аудио: Спортивное радио']
730,9b89829eacd9af5e345084b89913b179,['Музыка и аудио: Спортивное радио']
731,9b8a5b893d1c620856d550b030161178,['Музыка и аудио: Спортивное радио']
732,ab4fd6b1799326c93fd2b490f5eb25f8,['Музыка и аудио: Спортивное радио']
733,cb8f4c48fd10af6768c3a89a5f9ab2f7,['Музыка и аудио: Спортивное радио']
734,4b2793722c0e2fc51a1f98e87a7de646,['Музыка и аудио: Спортивное радио']
735,3b23b8507c5cec618d524225353ab118,['Музыка и аудио: Спортивное радио']
736,bb5c7395ab533310e2951b09a914c4eb,['Музыка и аудио: Спортивное радио']
737,cb96ea561a8b719e9733fa3571d147e4,['Музыка и аудио: Спортивное радио']
738,6b1e47031bd0364b69d5223b8399b5b7,['Музыка и аудио: Спортивное радио']
739,4b401117aa62d1d8a32fde35b34a4f64,['Музыка и аудио: Спортивное радио']
740,5b7121677eb2a2cd255404e24d878a13,['Музыка и аудио: Спортивное радио']
741,9ba459ee2b3ce44098d484750d8496dd,['Музыка и аудио: Спортивное радио']
742,8babe9f02dea9b8a6b0b325448d50f9b,['Музыка и аудио: Спортивное радио']
743,cba3447c0008cbf84f4ea9921ee87db8,['Музыка и аудио: Спортивное радио']
744,cbab3d32874e6363bbfaccc1c62eb540,['Музыка и аудио: Спортивное радио']
745,7b62e32cf8684b72e31657e9c1ef0ca8,['Музыка и аудио: Спортивное радио']
746,7b62f571abf1fa310de74cf750c9d63e,['Музыка и аудио: Спортивное радио']
747,0b73cea7b2dfdd7048dd84b95f8b9b0e,['Музыка и аудио: Спортивное радио']
748,fb11e767bbc2c8fcce5ee783f4402d6a,['Музыка и аудио: Спортивное радио']
749,4b4b653136a2d799f037b79cf82ce680,['Музыка и аудио: Спортивное радио']
750,ab8b3b63cc468cdb4d7270460c4f1027,['Музыка и аудио: Спортивное радио']
751,fb2824b7913bd1c7162db828820d26b2,['Музыка и аудио: Спортивное радио']
752,cbb6b777d33a57a337ffcf605bb1e8dd,['Музыка и аудио: Спортивное радио']
753,0b7834cc1bb493636600674074345998,['Музыка и аудио: Спортивное радио']
754,3b69f98d51c1028633cff24c7d2937e0,['Музыка и аудио: Спортивное радио']
755,6b50ab14af5ed9408bc38a35b053f9e6,['Музыка и аудио: Спортивное радио']
756,6b51eaa70b04514f577d1da1dd015739,['Музыка и аудио: Спортивное радио']
757,bb9b3b90eb1b76706dd0be8cb8ad53cc,['Музыка и аудио: Спортивное радио']
758,1b8c1e0f941d6d58368ca7956f097f14,['Музыка и аудио: Спортивное радио']
759,fb3623d18f3d568e9df23aac45816ada,['Музыка и аудио: Спортивное радио']
760,abb1909256d923ec705afe11a4a787a5,['Музыка и аудио: Спортивное радио']
761,bbb33f54d7fadca581e414ca53467323,['Музыка и аудио: Спортивное радио']
762,dbda0081f461bec23233da0fa6b3ecaf,['Музыка и аудио: Спортивное радио']
763,6b68b1d3ad24394d5740f5edbc331d15,['Музыка и аудио: Спортивное радио']
764,8bfd7a3130ff067d594d8e3328a80f6f,['Музыка и аудио: Спортивное радио']
765,abd4bcb595037bdf605a8306016232af,['Музыка и аудио: Спортивное радио']
766,7bb493e79dd64a9056aba9a4ef11f864,['Музыка и аудио: Спортивное радио']
767,eb98a0c9f32791fe2981dd119b4c38ba,['Музыка и аудио: Спортивное радио']
768,3bb037f137368bea0b35524aad530e42,['Музыка и аудио: Спортивное радио']
769,5bcea8152fe04fd141d21bd843333b4f,['Музыка и аудио: Спортивное радио']
770,5bd5a7aa8c55725621e33bbed89a4c26,['Музыка и аудио: Спортивное радио']
771,0bbdcd822239ea2d32c0768364854fbb,['Музыка и аудио: Спортивное радио']
772,ebb18918a861827b0c4488bf435a5def,['Музыка и аудио: Спортивное радио']
773,2b8fcc124b15a2fa9440b86bed5a9ee3,['Музыка и аудио: Спортивное радио']
774,cc1b895e46c14fbf7bc6d29fbbe434c3,['Музыка и аудио: Спортивное радио']
775,8c1f8598bc1c50d681d793d6d8640086,['Музыка и аудио: Спортивное радио']
776,abf83e112c7baa6a8a88d488e7e9129f,['Музыка и аудио: Спортивное радио']
777,1bd67fa7af55c97961534de842e3945e,['Музыка и аудио: Спортивное радио']
778,7bdebb5a9ab141b4a9a27035489bfc21,['Музыка и аудио: Спортивное радио']
779,cc30b743e3ea8f01ec34277c0ef33edd,['Музыка и аудио: Спортивное радио']
780,8c2a0b7d09395af2aa050bdef4a9fd58,['Музыка и аудио: Спортивное радио']
781,9c34a0201aa9605fb67f9ee7383c236f,['Музыка и аудио: Спортивное радио']
782,bc14c5f11e421777f7aad73a802146dd,['Музыка и аудио: Спортивное радио']
783,dc3208fcb51770a0089170718ebfaabf,['Музыка и аудио: Спортивное радио']
784,6bc378f4e51856282634275ecd6e5180,['Музыка и аудио: Спортивное радио']
785,1c0258e20430ce9defb4e0f68b9b5d88,['Музыка и аудио: Спортивное радио']
786,3bf2e36c3963425263babe36b8dbd740,['Музыка и аудио: Спортивное радио']
787,0c069f42ac98970c28d471d615e71f7b,['Музыка и аудио: Спортивное радио']
788,4c1f850954adaaf0d7c85f7b581eba11,['Музыка и аудио: Спортивное радио']
789,bc4af7d0e39902793d1565777b8861f7,['Музыка и аудио: Спортивное радио']
790,ac3f04efe497bb892f29cfd4abd73115,['Музыка и аудио: Спортивное радио']
791,fbbc1b98d5064156307c1b4304c386ea,['Музыка и аудио: Спортивное радио']
792,fbbd10e0e69381ef8d56896392eef543,['Музыка и аудио: Спортивное радио']
793,dc64cde6c0c15ba71ce648e778e9490f,['Музыка и аудио: Спортивное радио']
794,0c2c9f1343ba94ec3a28a131bdff8067,['Музыка и аудио: Спортивное радио']
795,6bf94d251c70a6f6a299b41c335c8fd9,['Музыка и аудио: Спортивное радио']
796,9c772ec6d4deadca9e0ea813b202ae83,['Музыка и аудио: Спортивное радио']
797,5c54e574ac99f4b9ee073100944ba785,['Музыка и аудио: Спортивное радио']
798,dc7ede077ba8670fd1c86d1345bb07d0,['Музыка и аудио: Спортивное радио']
799,ec11f06b252302961a74edc2e1285105,['Музыка и аудио: Спортивное радио']
800,cca7f30462f4557c052780b572baac29,['Музыка и аудио: Спортивное радио']
801,7c610cfb544261d5212911ed308f7224,['Музыка и аудио: Спортивное радио']
802,3c562522e2fff930245e02270570209e,['Музыка и аудио: Спортивное радио']
803,1c6bc481dd52a9938e78e755f1e5c90e,['Музыка и аудио: Спортивное радио']
804,dca61ce0f891d9dc480fb718a3899bde,['Музыка и аудио: Спортивное радио']
805,ec48060a919cc8c49a97bbfe2c501c98,['Музыка и аудио: Спортивное радио']
806,0c6e4cdaa192d1ae58b99bc9f35891b9,['Музыка и аудио: Спортивное радио']
807,ccb75f5a05b93481fe95d0de668f7adb,['Музыка и аудио: Спортивное радио']
808,1c78f72bd8c56515486ad6a1eb464d7d,['Музыка и аудио: Спортивное радио']
809,9cbc3cf610701511c42774984a4b6aa1,['Музыка и аудио: Спортивное радио']
810,2c32ef7b31d84f080c86e7278cb510f6,['Музыка и аудио: Спортивное радио']
811,3c870fcc822206e9f0882fb70744ed14,['Музыка и аудио: Спортивное радио']
812,4c866aa742af11c4cf04867167c80e40,['Музыка и аудио: Спортивное радио']
813,8cc8785efca469cdb6fb6efdcd3421d2,['Музыка и аудио: Спортивное радио']
814,dce6e574429d7f3f4614967f68357b4c,['Музыка и аудио: Спортивное радио']
815,aca4ebe0d20fcbf240933b50207d3a47,['Музыка и аудио: Спортивное радио']
816,acb04fd235547a3640e9cf1629d7f982,['Музыка и аудио: Спортивное радио']
817,ccd93abeea0eb8528925dea611b02993,['Музыка и аудио: Спортивное радио']
818,2c5bdce3e9e2c8b9db713d9f2c196820,['Музыка и аудио: Спортивное радио']
819,6c6bb222f7e49160bc9801bbe33d6dc9,['Музыка и аудио: Спортивное радио']
820,acb668bb02bef73e6ec4ac0cf169a9e4,['Музыка и аудио: Спортивное радио']
821,acba788b86a3bd559044aadc488455c3,['Музыка и аудио: Спортивное радио']
822,acbdbc93e78c00586fc95a351671c1af,['Музыка и аудио: Спортивное радио']
823,4ca4cd2fa4ec98ba74c7b78bf753d127,['Музыка и аудио: Спортивное радио']
824,9cedc1131999fb216b3753037a2752cd,['Музыка и аудио: Спортивное радио']
825,8cebb1825f7361351a1b876c6afb3a4f,['Музыка и аудио: Спортивное радио']
826,dd01560a54cd57da31effcb0d9f9ab35,['Музыка и аудио: Спортивное радио']
827,7cb224aee6ec825391025247b500a3c2,['Музыка и аудио: Спортивное радио']
828,7cbc48ff2268c09cb3e1cb33ef6b8af7,['Музыка и аудио: Спортивное радио']
829,ec98a460d808210d04b391be66507bb4,['Музыка и аудио: Спортивное радио']
830,bced9d85826f5076a1064a4da6fc2f50,['Музыка и аудио: Спортивное радио']
831,3cbdf1a7d2c4600866b2ee7acef454d9,['Музыка и аудио: Спортивное радио']
832,4ccda842416c3349791afadb3efb9078,['Музыка и аудио: Спортивное радио']
833,4cddc31e4e952b57e4212915e97c1045,['Музыка и аудио: Спортивное радио']
834,cd21c3788828082d2031662c96f41a2f,['Музыка и аудио: Спортивное радио']
835,cd265f1ce527b7e679cda5ced22a5032,['Музыка и аудио: Спортивное радио']
836,5d01117127517d932d4d224b7663e17f,['Музыка и аудио: Спортивное радио']
837,3cd4675b5f7795057e8bea311dd14b9a,['Музыка и аудио: Спортивное радио']
838,0cee2037e28ed045c425a6dbeca1bff2,['Музыка и аудио: Спортивное радио']
839,6cb7ca6b74a21d07e30d777826e8824c,['Музыка и аудио: Спортивное радио']
840,7cec364c272e6d052c55ccb751ec6c57,['Музыка и аудио: Спортивное радио']
841,9d37073c63008c784bf95a8a4d1715d5,['Музыка и аудио: Спортивное радио']
842,0cf954675163c4fe8f1313b6e6bb8c19,['Музыка и аудио: Спортивное радио']
843,6cc126aeb3f470b591ef20d73c175c6d,['Музыка и аудио: Спортивное радио']
844,6cc307bebba82e72560bc792c42c17dd,['Музыка и аудио: Спортивное радио']
845,1d0f431c41252a7fac46f8f499b7bebc,['Музыка и аудио: Спортивное радио']
846,fc9d6362ea8507f4884c5414eceb3a58,['Музыка и аудио: Спортивное радио']
847,fca5f02bb1fbb175f6f6c8b0a27de274,['Музыка и аудио: Спортивное радио']
848,5d1703a002d39e209665d61881134245,['Музыка и аудио: Спортивное радио']
849,0d0cb2e712923b3bace3320beec9476e,['Музыка и аудио: Спортивное радио']
850,ecf3013d9c807e1cf9bc2462662569c1,['Музыка и аудио: Спортивное радио']
851,dd7134857bbb976f085beaafcc817164,['Музыка и аудио: Спортивное радио']
852,3d09581a8dc3029466120aefbf610315,['Музыка и аудио: Спортивное радио']
853,4d15322123c8bc87694b4a6d192e2eb0,['Музыка и аудио: Спортивное радио']
854,fcaa1e5d463af89235be63a1fdb44fd0,['Музыка и аудио: Спортивное радио']
855,0d1a9fa41857d58c005ccde4ca517685,['Музыка и аудио: Спортивное радио']
856,dd7d4e24343a105bd91a3ccd698c8908,['Музыка и аудио: Спортивное радио']
857,4d26095362048f3e22dbf648970bf38a,['Музыка и аудио: Спортивное радио']
858,4d2ec45d7420f6128a355d859dfdad63,['Музыка и аудио: Спортивное радио']
859,3d1ea59037afbbe33d7c7b64f1e4f7c2,['Музыка и аудио: Спортивное радио']
860,9d7556dfe0525974208de01561925d19,['Музыка и аудио: Спортивное радио']
861,bd5b2970015647a0530f91f65eb526f7,['Музыка и аудио: Спортивное радио']
862,bd5c5ec17d29dff0da568a8990ba893b,['Музыка и аудио: Спортивное радио']
863,ed20dcf747ac246a901cdee77481dfb8,['Музыка и аудио: Спортивное радио']
864,2cf3241929c3a2e03d76cb90b6f7740b,['Музыка и аудио: Спортивное радио']
865,8d8989684f2213f87546c2383e971e95,['Музыка и аудио: Спортивное радио']
866,0d5137eb3278b721a353749a75252860,['Музыка и аудио: Спортивное радио']
867,5d5c02dbb19fff18c3e5e7355a246a4b,['Музыка и аудио: Спортивное радио']
868,3d4f700d85dbc7724d66a54bdd17bbde,['Музыка и аудио: Спортивное радио']
869,ad7db469befd98b0186669ed9d9bfb02,['Музыка и аудио: Спортивное радио']
870,0d5b866fe07382f31b8668f0d1dafdf9,['Музыка и аудио: Спортивное радио']
871,fd01e64be8aa3bb381d20aef7f98263f,['Музыка и аудио: Спортивное радио']
872,9da6585128a53892a786a211ea3c02ab,['Музыка и аудио: Спортивное радио']
873,2d256d3ba0a68aeeb3699263750f2bd5,['Музыка и аудио: Спортивное радио']
874,2d2b45bb4f4129749721c7f377a93de6,['Музыка и аудио: Спортивное радио']
875,5d83e3a64f395100d95ca2daebeb6968,['Музыка и аудио: Спортивное радио']
876,ad98350d88dacc307250b134a3dd6f90,['Музыка и аудио: Спортивное радио']
877,0d7b83b4d141158214acf42ab2ca0519,['Музыка и аудио: Спортивное радио']
878,2d3c2aaf3ae0c94a04ec31cb7c384817,['Музыка и аудио: Спортивное радио']
879,cdbdbca08e9d2958f0ea197eb2e8b46d,['Музыка и аудио: Спортивное радио']
880,cdc90d477196018169ed2f809be30abe,['Музыка и аудио: Спортивное радио']
881,ed84068e8b67a26f657c04c3f4801d07,['Музыка и аудио: Спортивное радио']
882,fd316c0e150c30ba2156f82e65bfea62,['Музыка и аудио: Спортивное радио']
883,bdab7ae4da55443d849a73d5f3ef6722,['Музыка и аудио: Спортивное радио']
884,bdb3cd026497dca9905065d40e89ccfe,['Музыка и аудио: Спортивное радио']
885,7d907b332f1212b4bf6453d8bfab7225,['Музыка и аудио: Спортивное радио']
886,7d9df053737f05d10292784c10921488,['Музыка и аудио: Спортивное радио']
887,8dca1eb89d5b2ec47419f7cd463221d7,['Музыка и аудио: Спортивное радио']
888,5da9c135ea8ae68043fed8503d264593,['Музыка и аудио: Спортивное радио']
889,fd411e2c999ca8dde448014d563c9174,['Музыка и аудио: Спортивное радио']
890,0dade416613c9961614dfb4513ff4461,['Музыка и аудио: Спортивное радио']
891,adb756c83328fb3c08c90492e4d243e0,['Музыка и аудио: Спортивное радио']
892,6d73562b3c34aab0a5ac90d654c0bb3a,['Музыка и аудио: Спортивное радио']
893,eda0ffa35630dfe51d58d3e0a01d66e7,['Музыка и аудио: Спортивное радио']
894,adc89b4580b3d01f12491aeb32ec3642,['Музыка и аудио: Спортивное радио']
895,add5551033214c114ac955f7dd845c90,['Музыка и аудио: Спортивное радио']
896,0db157b2a0b65848184bf65e3cb2a57d,['Музыка и аудио: Спортивное радио']
897,0db9125eb3a43a903066546eff25331f,['Музыка и аудио: Спортивное радио']
898,de02c429617e319a47964da0b194f819,['Музыка и аудио: Спортивное радио']
899,1db856cf0ef82b11a4b85859a1ef0167,['Музыка и аудио: Спортивное радио']
900,1dbc2732cedac20ab19cf7dbc17ce3b8,['Музыка и аудио: Спортивное радио']
901,cdf50f254837695760571ad3695c934d,['Музыка и аудио: Спортивное радио']
902,4dcb9f9020a21c09009298382932a142,['Музыка и аудио: Спортивное радио']
903,de15e5ab32b913d2e3c8075332a13623,['Музыка и аудио: Спортивное радио']
904,8e0978e507af94e1961097b09dc8c079,['Музыка и аудио: Спортивное радио']
905,fd776379882596084e8db969eb8ace78,['Музыка и аудио: Спортивное радио']
906,9e0fa22b4dccfa9d089bdf556dbc396c,['Музыка и аудио: Спортивное радио']
907,4dddf7e1d2686d40ecc9b4c8a7a2b1c2,['Музыка и аудио: Спортивное радио']
908,4dde6825ed624629a70cdf234caf71f0,['Музыка и аудио: Спортивное радио']
909,4dde6a302c85d40c41ab65bd1928164f,['Музыка и аудио: Спортивное радио']
910,3dc231d648df3dfd18b109131be791ca,['Музыка и аудио: Спортивное радио']
911,ce18ece82042d74cebed80778a1481f4,['Музыка и аудио: Спортивное радио']
912,fd80ca4a5bede4614ca82be224c4b7f0,['Музыка и аудио: Спортивное радио']
913,3de3fdfefe2ccf8ee2a55980ac660a32,['Музыка и аудио: Спортивное радио']
914,1e0a5151efc26a3a8e038e132f6b80f4,['Музыка и аудио: Спортивное радио']
915,0e0cc6672f469d6800b53017c1296f60,['Музыка и аудио: Спортивное радио']
916,fdab98598407b22bdf49891fe3c02a60,['Музыка и аудио: Спортивное радио']
917,8e4cc70f69ebad492e62713200f19cdd,['Музыка и аудио: Спортивное радио']
918,ee034386532cbd293cf9f52de995eca3,['Музыка и аудио: Спортивное радио']
919,2dc87cc0bbb8275d1870da2f33cbdb12,['Музыка и аудио: Спортивное радио']
920,9e5812c9b09a12e21412f17cbe8d2a95,['Музыка и аудио: Спортивное радио']
921,0e171c8779313353eab104bdae49acc6,['Музыка и аудио: Спортивное радио']
922,0e22ec9e51bd98309b4fe6870c2ce9c8,['Музыка и аудио: Спортивное радио']
923,be3f93a1768d9c42364048984d3f19a3,['Музыка и аудио: Спортивное радио']
924,ee13dc70ee4d51d6809c216fc717b87b,['Музыка и аудио: Спортивное радио']
925,2dd6cb41f7aa5eb0fd1f21fe361957bf,['Музыка и аудио: Спортивное радио']
926,8e579517d439ea7371c72a9f2542e7a8,['Музыка и аудио: Спортивное радио']
927,1e244ec5c0c85f9478a83695ac9add45,['Музыка и аудио: Спортивное радио']
928,0e2a1403a7bb53e14188ccb05bedd14a,['Музыка и аудио: Спортивное радио']
929,8e64644f08be96fdecd4e428ca65e2b1,['Музыка и аудио: Спортивное радио']
930,ae67acbddf5165b68ab7f5fa1ce9e198,['Музыка и аудио: Спортивное радио']
931,ae710fb7848c9c104ad9eaa7315f5ae9,['Музыка и аудио: Спортивное радио']
932,7e4876461bea7d558129ad1460c3a105,['Музыка и аудио: Спортивное радио']
933,ce9697edebdbec509944e8a010d91d0e,['Музыка и аудио: Спортивное радио']
934,5e6e5b9bdfc8154899021e0e4f8591f2,['Музыка и аудио: Спортивное радио']
935,6e3c9fa6c4d9e77b0c43f0a2deb90554,['Музыка и аудио: Спортивное радио']
936,3e5597709ea64a34496d4ac047dfcb04,['Музыка и аудио: Спортивное радио']
937,fdffb6e8c447032af24a14169b29b2b1,['Музыка и аудио: Спортивное радио']
938,9ec08b22c92b1b7f36bbd999b1cfa518,['Музыка и аудио: Спортивное радио']
939,9ec15689741e828cc47780342f3c2e74,['Музыка и аудио: Спортивное радио']
940,ded01cbe504a5e08de64f0a01b082ea3,['Музыка и аудио: Спортивное радио']
941,ded35ffe65135e06e72a196c950bc595,['Музыка и аудио: Спортивное радио']
942,4e9855effd2923569e0807b45cf575c6,['Музыка и аудио: Спортивное радио']
943,aea05466f3520fb537673832767eb514,['Музыка и аудио: Спортивное радио']
944,0e99ef446324a7db9272c3335004190f,['Музыка и аудио: Спортивное радио']
945,fe228dde20d045146cc98d21943aef05,['Музыка и аудио: Спортивное радио']
946,3e6ed0e674aee621b7e9560d195d6ddc,['Музыка и аудио: Спортивное радио']
947,3e73c40dca86b8e0b02503b57c8ea8b1,['Музыка и аудио: Спортивное радио']
948,8eab6685388f520a44e7cb12f3835211,['Музыка и аудио: Спортивное радио']
949,ee790535ee3a8b9c1178a140eb7476b3,['Музыка и аудио: Спортивное радио']
950,2e4c7dae0c99f47839880e2da7fc6769,['Музыка и аудио: Спортивное радио']
951,2e4eca888ca4bb3fc09f967fcc500eb2,['Музыка и аудио: Спортивное радио']
952,4eb06f99454c858a0966e4b8079d6849,['Музыка и аудио: Спортивное радио']
953,0ea016128113476c741eba66ecbb5f0a,['Музыка и аудио: Спортивное радио']
954,1e922b7daeef2358f82b263533d450ac,['Музыка и аудио: Спортивное радио']
955,fe34761a2b8bd60a808b3f9bbaac5062,['Музыка и аудио: Спортивное радио']
956,2e57018a4e5282ee4378f4ae7d412682,['Музыка и аудио: Спортивное радио']
957,2e5e72cbea39eecffee4a175b1ce22fd,['Музыка и аудио: Спортивное радио']
958,defa1d5d2b9e5b755231db6cab027b5d,['Музыка и аудио: Спортивное радио']
959,aeb893cb3f7052c8747bfece6e814e86,['Музыка и аудио: Спортивное радио']
960,aec278cd636818fa15e899bac9969388,['Музыка и аудио: Спортивное радио']
961,9ef98cb20ba158e160b41c4085cc9314,['Музыка и аудио: Спортивное радио']
962,6e8713638e4ed713a94524844ee0acaf,['Музыка и аудио: Спортивное радио']
963,df0753e4826d5e4a695f5bdd1a4af343,['Музыка и аудио: Спортивное радио']
964,cef156bf92b28e04db716e2e72c50b7f,['Музыка и аудио: Спортивное радио']
965,1ea9081352700dd78ee4efae44f905db,['Музыка и аудио: Спортивное радио']
966,8eda95733c444169775d0f8f7beaca7a,['Музыка и аудио: Спортивное радио']
967,aedaec1546fe67eac84b48aa333412d2,['Музыка и аудио: Спортивное радио']
968,aee5c79a7ab504a3240dfdfaa9c7bb3d,['Музыка и аудио: Спортивное радио']
969,9f16f338142a0bd3bd9c05ac133f5bcd,['Музыка и аудио: Спортивное радио']
970,1ec391b3afbbb417a13d3e0db926faa7,['Музыка и аудио: Спортивное радио']
971,df3020c8a9b36ee99a0bc69936b202c0,['Музыка и аудио: Спортивное радио']
972,bef1531fa736b146c2585f2ce4c56afb,['Музыка и аудио: Спортивное радио']
973,eec53be52f24e2c250a1f3702316cfdd,['Музыка и аудио: Спортивное радио']
974,aef4504fadbfa3ff06200026534997a2,['Музыка и аудио: Спортивное радио']
975,7ed87cad7ce32737e0a7d03d84434df7,['Музыка и аудио: Спортивное радио']
976,7edb20afefb1a3d24545574f1a24ef0f,['Музыка и аудио: Спортивное радио']
977,3ec26b67015f2dbcb8addddd2e8ffab2,['Музыка и аудио: Спортивное радио']
978,3ec7c2b092514dc4ebeaa3036fe9857c,['Музыка и аудио: Спортивное радио']
979,bf04a039f7ded49e93747ac5318d02bf,['Музыка и аудио: Спортивное радио']
980,2eb66cbfde5fd77eb83a95ae24d68d21,['Музыка и аудио: Спортивное радио']
981,fe7e4145e09318582c6cd9442427ccd3,['Музыка и аудио: Спортивное радио']
982,fe8ac2d7f57582ac5665692813d76efa,['Музыка и аудио: Спортивное радио']
983,cf3ef0b2d6227ad372a9b7dcb6cb2df3,['Музыка и аудио: Спортивное радио']
984,7eea6fd42f02dc39374ac551e9cb0661,['Музыка и аудио: Спортивное радио']
985,7eecbd10bdaa596c2921ecb9bf7dbf69,['Музыка и аудио: Спортивное радио']
986,0f0c6bdc92c5e36dd49883ab3622b52c,['Музыка и аудио: Спортивное радио']
987,1eed890f769711c1a21300fa3db33334,['Музыка и аудио: Спортивное радио']
988,8f226e80d99928c338baff96696eb906,['Музыка и аудио: Спортивное радио']
989,5f0b1324e63114242cf9e4dd8cc2ac38,['Музыка и аудио: Спортивное радио']
990,5f0cf3cc326756774a709e60e2f9876c,['Музыка и аудио: Спортивное радио']
991,5f13eb105db5ddd1bef7d77f3bfa6a25,['Музыка и аудио: Спортивное радио']
992,4f2700b0c7a692679839a3c13a640579,['Музыка и аудио: Спортивное радио']
993,fe9a58e50837b1959c03e5746e9b7992,['Музыка и аудио: Спортивное радио']
994,df635402135e4ee4f14188be19f35c83,['Музыка и аудио: Спортивное радио']
995,eefbb6590bb90f2de3904ffaeabf6fb6,['Музыка и аудио: Спортивное радио']
996,4f39aaab9c0c4289e53da683b84c3d65,['Музыка и аудио: Спортивное радио']
997,6eff73bd7c0825e1d2ebe1d61679b41a,['Музыка и аудио: Спортивное радио']
998,7f0c852231333d9b6c7d99307334de83,['Музыка и аудио: Спортивное радио']
999,af2299ab084082ed223200e7e10017dc,['Музыка и аудио: Спортивное радио']
1000,1f17968167d4b0487cdebb6a67b4f148,['Музыка и аудио: Спортивное радио']
1001,9f7472406101a634e3f630ae0943ffa7,['Музыка и аудио: Спортивное радио']
1002,ef119ea5de8eeef8d4985d152e980ddb,['Музыка и аудио: Спортивное радио']
1003,4f3bce6444f79cabef35ff82042cfe7a,['Музыка и аудио: Спортивное радио']
1004,7f2c96af903c87a5b4a88759e6538ec6,['Музыка и аудио: Спортивное радио']
1005,2ef3ec7442459323bfb283992ffe001f,['Музыка и аудио: Спортивное радио']
1006,1f4038d52c0388419fffc0004204106e,['Музыка и аудио: Спортивное радио']
1007,6f3dc36622c11bfbfeaea779c194a5c2,['Музыка и аудио: Спортивное радио']
1008,7f4a68a6117ec2340bb69cd24c5d18e6,['Музыка и аудио: Спортивное радио']
1009,8f649058bbdafed5e31d07cb0176f436,['Музыка и аудио: Спортивное радио']
1010,8f6c6b5b5c8d98c1e9a22d192ec5182e,['Музыка и аудио: Спортивное радио']
1011,af55e305efa083a71b3de566a9947d71,['Музыка и аудио: Спортивное радио']
1012,0f73958b7266131eb83707f0f4850c65,['Музыка и аудио: Спортивное радио']
1013,0f790686916874c2e5ca0382f4276bce,['Музыка и аудио: Спортивное радио']
1014,dfcc4bf272bb44a8b8624a22563ab779,['Музыка и аудио: Спортивное радио']
1015,3f3a30c842dc7a468245b86b30c530d0,['Музыка и аудио: Спортивное радио']
1016,0f88b5afbb77a356de0b7567713149b3,['Музыка и аудио: Спортивное радио']
1017,ff022886234c3354531564dc3c154a13,['Музыка и аудио: Спортивное радио']
1018,4f87f052e7e0a2718e3c051261417829,['Музыка и аудио: Спортивное радио']
1019,cfb0bd0b45bdfb65799323ec243ca429,['Музыка и аудио: Спортивное радио']
1020,ff1203c5d2cdf49d7235a3db1f616402,['Музыка и аудио: Спортивное радио']
1021,bfa50133c4316fea88c2175835f4f761,['Музыка и аудио: Спортивное радио']
1022,0fa2c2b0938c3b5e3ce9b191e455f2d6,['Музыка и аудио: Спортивное радио']
1023,cfbf2c07fa7ceb3b29ece9caca9ca369,['Музыка и аудио: Спортивное радио']
1024,2f4bd0532525895de06ac9411287cc33,['Музыка и аудио: Спортивное радио']
1025,bfb52b8a50a2034704dd08473c17ec6b,['Музыка и аудио: Спортивное радио']
1026,3f6e4aa060e1a873a199e35bedb0916d,['Музыка и аудио: Спортивное радио']
1027,6f92f3089409381d2356ea04bd457c93,['Музыка и аудио: Спортивное радио']
1028,dff6cb4b67ade7de92e54dc801796762,['Музыка и аудио: Спортивное радио']
1029,afa026a9e435b0675518e2ba944526d4,['Музыка и аудио: Спортивное радио']
1030,ff35fc896c5b93f1f0272bac7efb097c,['Музыка и аудио: Спортивное радио']
1031,bfbf94f953b2d075a84686f5ef81a076,['Музыка и аудио: Спортивное радио']
1032,ff484ba5c07baefad0b691f4b0955e20,['Музыка и аудио: Спортивное радио']
1033,2f6be0a89ed03d5ad2a91165d728322e,['Музыка и аудио: Спортивное радио']
1034,5fbc221f3df6cff73f2d272ac16aeea3,['Музыка и аудио: Спортивное радио']
1035,afc99aace8253f2c7d5bdca6471a670a,['Музыка и аудио: Спортивное радио']
1036,d002162647d20cac52ff2cdbc66ab7e4,['Музыка и аудио: Спортивное радио']
1037,2f841d8ea7c9850785024d7f5baf842d,['Музыка и аудио: Спортивное радио']
1038,8feba20ad972100bde33982498ee0148,['Музыка и аудио: Спортивное радио']
1039,3fb2a25286fa29be587f8812d09c6491,['Музыка и аудио: Спортивное радио']
1040,1fc3cbd9d4c0255ad64b407a4e813521,['Музыка и аудио: Спортивное радио']
1041,d005041ed16c5cb37540d062f365d6f6,['Музыка и аудио: Спортивное радио']
1042,efbf4d7056c307e2dfaf8a5a1d12f615,['Музыка и аудио: Спортивное радио']
1043,4fe956b5fd39479dc3e4165711566f07,['Музыка и аудио: Спортивное радио']
1044,5fe16aa2869667bc1519e32a4c536b26,['Музыка и аудио: Спортивное радио']
1045,4ffa5fbb2a410aa841659d8890ae5e3f,['Музыка и аудио: Спортивное радио']
1046,3fc81df4bfe121ce2bc33dd581f5efeb,['Музыка и аудио: Спортивное радио']
1047,efe0b4139ef82ec270b9e2fe0216214e,['Музыка и аудио: Спортивное радио']
1048,fff1ef66d848bc8987ac5126f05b053b,['Музыка и аудио: Спортивное радио']
